﻿<?xml version="1.0" encoding="UTF-8" standalone="yes"?>
<addon id="plugin.video.sdarot.tv.plus" name="Sdarot.tv Video (Plus)" version="2.2.1" provider-name="addon_hacker">
    <requires>
        <import addon="xbmc.python" version="2.1.0"/>
    </requires>
    <extension point="xbmc.python.pluginsource" library="sdarottvplus.py">
        <provides>video</provides>
    </extension>
    <extension point="xbmc.addon.metadata">
        <platform>all</platform>
        <minversion>31632</minversion>
        <summary lang="en">Watch Sdarot.tv video contents (Based on the original Sdarot.tv addon).</summary>
        <summary lang="he">סדרות מתוך האתר sdarot.tv (מבוסס על ההרחבה המקורית של Sdarot.tv)</summary>
        <description lang="en">Watch the many TV series available on sdarot.tv  (Based on the original Sdarot.tv addon)</description>
        <description lang="he">צפיה בסדרות (הרבות) שיש באתר sdarot.tv  (מבוסס על ההרחבה המקורית של Sdarot.tv)</description>
        <disclaimer>This addon parses their website, you should check their TOS before you using. It's as is</disclaimer>
        <supportedcontent>
          <content>tvshows</content>
        </supportedcontent>	
    </extension>
   
</addon>