<addon id="superrepo.kodi.krypton.all" name="SuperRepo All [Krypton][v7]" version="0.7.04" provider-name="Bart Otten">
                <requires>
                <import addon="xbmc.addon" version="12.0.0"/>
                </requires>
                <extension point="xbmc.addon.repository" name="SuperRepo All [Krypton][v7]">
                <info compressed="false">
                http://xml.superrepo.org/v7/.xml/krypton/all/addons.xml
                </info>
                <checksum>
                http://md5.superrepo.org/v7/.md5/krypton/all/addons.xml.md5
                </checksum>
                <datadir zip="true">http://redirect.superrepo.org/v7/addons/</datadir>
                <hashes>true</hashes>
                </extension>
                <extension point="xbmc.addon.metadata">
                <summary>
                Install add-ons from the SuperRepo All Repository
                </summary>
                <description>
                Download and install add-ons for Kodi in the category "All" using SuperRepo.[CR][CR]By using SuperRepo repositories you will be able to take advantage of our serverside dependency checking, extensive file mirror service and many more.[CR]Visit our website at https://superrepo.org/ to browse the add-ons, create personal addon bundles and install whole bundles at once![CR][CR]
                </description>
                <disclaimer>
                The SuperRepo generator fetches addons from multiple sources. Therefore SuperRepo accepts no responsibility for included addons.[CR]
                </disclaimer>
                <platform>all</platform>
                <website>https://superrepo.org/</website>
                </extension>
                </addon>