<?xml version="1.0" encoding="UTF-8" standalone="yes"?>
<addon id="repository.addonscriptorde-beta" name="AddonScriptorDE's Beta Repo" version="1.0.0" provider-name="AddonScriptorDE">
	<extension point="xbmc.addon.repository" name="AddonScriptorDE's Beta Repo">
		<info compressed="false">http://addonscriptorde-beta-repo.googlecode.com/svn/trunk/addons.xml</info>
		<checksum>http://addonscriptorde-beta-repo.googlecode.com/svn/trunk/addons.xml.md5</checksum>
		<datadir zip="false">http://addonscriptorde-beta-repo.googlecode.com/svn/trunk/</datadir>
	</extension>
	<extension point="xbmc.addon.metadata">
		<summary>Latest frodo versions of my add-ons</summary>
		<description>Latest frodo versions of my add-ons</description>
		<disclaimer></disclaimer>
		<platform>all</platform>
	</extension>
</addon>
