<?xml version="1.0" encoding="UTF-8"?>
<window>
  <defaultcontrol always="true">20</defaultcontrol>
  <coordinates>
    <system>1</system>
    <posx>0</posx>
    <posy>0</posy>
  </coordinates>
  <controls>
    <control type="group">
      <control type="image" description="Speaker">
        <visible>!player.passthrough</visible>
        <posx>60</posx>
        <posy>72</posy>
        <width>129</width>
        <height>129</height>
        <texture>volume/Volume.png</texture>
        <colordiffuse>Highlight</colordiffuse>
      </control>
      <control type="image" description="Speaker passthrough">
        <visible>player.passthrough</visible>
        <posx>60</posx>
        <posy>72</posy>
        <width>129</width>
        <height>129</height>
        <texture>volume/VolumeMuted.png</texture>
        <colordiffuse>Highlight</colordiffuse>
      </control>
      <control type="group">
        <visible>!player.passthrough</visible>
        <control type="progress" id="20">
          <posx>-300</posx>
          <posy>-300</posy>
          <width>324</width>
          <height>81</height>
          <texturebg>-</texturebg>
          <height>80</height>
          <texturebg>-</texturebg>
          <lefttexture>-</lefttexture>
          <midtexture>-</midtexture>
          <righttexture>-</righttexture>
          <info>Player.Volume</info>
        </control>
        <control type="label">
          <posx>180</posx>
          <posy>91</posy>
          <width>353</width>
          <height>82</height>
          <font>Volume</font>
          <textcolor>White2</textcolor>
          <shadowcolor>ShadowDark</shadowcolor>
          <label>$INFO[Control.GetLabel(20)]</label>
        </control>
      </control>
    </control>
  </controls>
</window>