<?xml version="1.0" encoding="UTF-8"?>
<includes>
  <variable name="Time" description="Date and time">
    <value condition="Window.IsActive(home) | Window.IsActive(weather)">[COLOR=Grey2]$INFO[System.Date][/COLOR][COLOR=Highlight]  •  [/COLOR]$INFO[System.Time]</value>
    <value>$INFO[System.Time]</value>
  </variable>
  <variable name="ChapterLabel" description="Chapter label in  DialogSeekBar">
    <value condition="Player.ChapterCount + !IsEmpty(Player.ChapterName)">$INFO[Player.ChapterName][COLOR=Highlight] • [/COLOR]$INFO[Player.Chapter]$INFO[Player.ChapterCount, / ]</value>
    <value condition="Player.ChapterCount">$LOCALIZE[21396][COLOR=Highlight] • [/COLOR]$INFO[Player.Chapter]$INFO[Player.ChapterCount, / ]</value>
  </variable>
  <variable name="Overlay" description="Overlay image">
    <value condition="Skin.HasSetting(plexbmc) + ListItem.property(IsResumable)">$INFO[ListItem.Overlay,overlay_inprogress/]</value>
    <value condition="Skin.HasSetting(plexbmc) + ListItem.property(overlay)">$INFO[ListItem.property(overlay)]</value>
    <value condition="Skin.HasSetting(Hide_Watched_Marks) + Skin.HasSetting(Hide_Unwatched_Marks)">-</value>
    <value condition="Skin.HasSetting(Hide_Unwatched_Marks)">$INFO[ListItem.Overlay,overlay_watched/]</value>
    <value condition="ListItem.IsResumable">$INFO[ListItem.Overlay,overlay_inprogress/]</value>
    <value condition="Skin.HasSetting(Hide_Watched_Marks)">$INFO[ListItem.Overlay,overlay_unwatched/]</value>
    <value condition="!IsEmpty(ListItem.Overlay)">$INFO[ListItem.Overlay]</value>
  </variable>
  <variable name="Banner" description="TV Banners">
    <value condition="!IsEmpty(ListItem.Art(banner))">$INFO[ListItem.Art(banner)]</value>
    <value condition="Skin.HasSetting(plexbmc)">$INFO[ListItem.Property(banner)]</value>
    <value>$INFO[ListItem.Art(thumb)]</value>
  </variable>
  <variable name="Thumbs" description="Thumbs">
    <value condition="!IsEmpty(ListItem.Art(poster))">$INFO[ListItem.Art(poster)]</value>
    <value>$INFO[ListItem.Art(thumb)]</value>
  </variable>
  <variable name="Playlist" description="Side menu label">
    <value condition="Player.HasAudio">$LOCALIZE[13350]</value>
    <value>$LOCALIZE[559]</value>
  </variable>
  <variable name="LibraryStats" description="Home page library statistics">
    <value condition="IntegerGreaterThan(Window(Home).Property(MusicVideos.Unwatched),0) + Library.HasContent(musicvideos) + [Container(300).HasFocus(13) | Container(300).HasFocus(14)]">$LOCALIZE[20389]$INFO[Window(Home).Property(MusicVideos.Count), ,[COLOR=Highlight]  •  [/COLOR]]$LOCALIZE[16101]$INFO[Window(Home).Property(MusicVideos.Unwatched), ]</value>
    <value condition="!IntegerGreaterThan(Window(Home).Property(MusicVideos.Unwatched),0) + Library.HasContent(musicvideos) + [Container(300).HasFocus(13) | Container(300).HasFocus(14)]">$LOCALIZE[20389]$INFO[Window(Home).Property(MusicVideos.Count), ,[COLOR=Highlight]  •  [/COLOR]]</value>
    <value condition="IntegerGreaterThan(Window(Home).Property(Movies.Unwatched),0) + Library.HasContent(movies) + Container(300).HasFocus(4)">$LOCALIZE[20342]$INFO[Window(Home).Property(Movies.Count), ,[COLOR=Highlight]  •  [/COLOR]]$LOCALIZE[16101]$INFO[Window(Home).Property(Movies.Unwatched), ]</value>
    <value condition="!IntegerGreaterThan(Window(Home).Property(Movies.Unwatched),0) + Library.HasContent(movies) + Container(300).HasFocus(4)">$LOCALIZE[20342]$INFO[Window(Home).Property(Movies.Count), ,[COLOR=Highlight]  •  [/COLOR]]</value>
    <value condition="IntegerGreaterThan(Window(Home).Property(Episodes.Unwatched),0) + Library.HasContent(tvshows) + Container(300).HasFocus(5)">$LOCALIZE[20360]$INFO[Window(Home).Property(Episodes.Count), ,[COLOR=Highlight]  •  [/COLOR]]$LOCALIZE[16101]$INFO[Window(Home).Property(Episodes.Unwatched), ]</value>
    <value condition="!IntegerGreaterThan(Window(Home).Property(Episodes.Unwatched),0) + Library.HasContent(tvshows) + Container(300).HasFocus(5)">$LOCALIZE[20343]$INFO[Window(Home).Property(TVShows.Count), ,[COLOR=Highlight]  •  [/COLOR]]$LOCALIZE[20360]$INFO[Window(Home).Property(Episodes.Count), ,[COLOR=Highlight]  •  [/COLOR]]</value>
    <value condition="Library.HasContent(music) + Container(300).HasFocus(6)">$LOCALIZE[134]$INFO[Window(Home).Property(Music.SongsCount), ,[COLOR=Highlight]  •  [/COLOR]]$LOCALIZE[132]$INFO[Window(Home).Property(Music.AlbumsCount), ]</value>
  </variable>
  <variable name="GlobalHeadings" description="Global Headings">
    <value condition="Skin.hassetting(plexbmc) + !Window.IsActive(Home) + !IsEmpty(Window.Property(heading))">$INFO[Window.Property(heading),,[COLOR=Highlight]  •  [/COLOR]]$INFO[Window.Property(heading2),,[COLOR=Highlight]  •  [/COLOR]]$INFO[Container.NumItems]</value>
    <value condition="Window.IsActive(56) | Window.IsActive(SkinSettings.xml)">$LOCALIZE[20077]</value>
    <value condition="Window.IsActive(Settings.xml) | Window.IsActive(SettingsCategory.xml)">$LOCALIZE[5]</value>
    <value condition="Window.IsActive(AddonBrowser.xml) + IsEmpty(Container.FolderName)">$LOCALIZE[31291]</value>
    <value condition="Window.IsActive(MyVideoPlaylist.xml)">$LOCALIZE[20012]</value>
    <value condition="Window.IsActive(MyMusicPlaylist.xml)">$LOCALIZE[20011]</value>
    <value condition="Window.IsActive(DialogVideoInfo.xml)">$LOCALIZE[20159]</value>
    <value condition="Window.IsActive(DialogFavourites.xml)">$LOCALIZE[1036]</value>
    <value condition="Container.content(movies) + StringCompare(Container.FolderName,$LOCALIZE[369])">$LOCALIZE[20342][COLOR=Highlight]  •  [/COLOR]$INFO[Container.NumItems]</value>
    <value condition="Container.content(tvshows) + StringCompare(Container.FolderName,$LOCALIZE[369])">$LOCALIZE[20343][COLOR=Highlight]  •  [/COLOR]$INFO[Container.NumItems]</value>
    <value condition="Container.content(musicvideos) + StringCompare(Container.FolderName,$LOCALIZE[369])">$LOCALIZE[20389][COLOR=Highlight]  •  [/COLOR]$INFO[Container.NumItems]</value>
    <value condition="!IsEmpty(Container.FolderName)">$INFO[Container.FolderName,,[COLOR=Highlight]  •  [/COLOR]]$INFO[Container.NumItems]</value>
  </variable>
  <variable name="QuitLabel2" description="Label2 for skin settings Quit function item">
    <value condition="StringCompare(Skin.String(shutdown),quit)">$LOCALIZE[13009]</value>
    <value condition="StringCompare(Skin.String(shutdown),powerdown)">$LOCALIZE[13005]</value>
    <value condition="StringCompare(Skin.String(shutdown),hibernate)">$LOCALIZE[13010]</value>
    <value condition="StringCompare(Skin.String(shutdown),suspend)">$LOCALIZE[13011]</value>
    <value condition="StringCompare(Skin.String(shutdown),reboot)">$LOCALIZE[13013]</value>
    <value condition="StringCompare(Skin.String(shutdown),logoff) + System.HasLoginScreen">$LOCALIZE[20126]</value>
  </variable>
  <variable name="QuitAction" description="Action for Quit function item">
    <value condition="StringCompare(Skin.String(shutdown),quit)">XBMC.quit()</value>
    <value condition="StringCompare(Skin.String(shutdown),powerdown)">XBMC.powerdown()</value>
    <value condition="StringCompare(Skin.String(shutdown),hibernate)">XBMC.hibernate()</value>
    <value condition="StringCompare(Skin.String(shutdown),suspend)">XBMC.suspend()</value>
    <value condition="StringCompare(Skin.String(shutdown),reboot)">XBMC.reboot()</value>
    <value condition="StringCompare(Skin.String(shutdown),logoff) + System.HasLoginScreen">System.logoff</value>
    <value>ActivateWindow(shutdownmenu)</value>
  </variable>
  <variable name="MovieEntryPoint" description="Action for Movie home button">
    <value condition="!IsEmpty(Skin.String(CustomMovie.1.Path))">$INFO[Skin.String(CustomMovie.1.Path)]</value>
	<value condition="StringCompare(Skin.String(movie_entries),playlists)">ActivateWindow(Videos,Playlists,return)</value>
    <value condition="StringCompare(Skin.String(movie_entries),files)">ActivateWindow(Videos,Files,return)</value>
    <value condition="StringCompare(Skin.String(movie_entries),library)">ActivateWindow(Videos,Movies,return)</value>
    <value>ActivateWindow(VideoLibrary,MovieTitles,return)</value>
  </variable>
  <variable name="MovieEntryPointLabel2" description="Label2 for skin settings Movies function item">
    <value condition="!IsEmpty(Skin.String(CustomMovie.1.Path))">$INFO[Skin.String(CustomMovie.1.Label)]</value>
	<value condition="StringCompare(Skin.String(movie_entries),playlists)">$LOCALIZE[136]</value>
    <value condition="StringCompare(Skin.String(movie_entries),files)">$LOCALIZE[744]</value>
    <value condition="StringCompare(Skin.String(movie_entries),library)">$LOCALIZE[15100]</value>
  </variable>
  <variable name="TVEntryPoint" description="Action for TV home button">
    <value condition="!IsEmpty(Skin.String(CustomTV.1.Path))">$INFO[Skin.String(CustomTV.1.Path)]</value>
	<value condition="StringCompare(Skin.String(tv_entries),playlists)">ActivateWindow(Videos,Playlists,return)</value>
    <value condition="StringCompare(Skin.String(tv_entries),files)">ActivateWindow(Videos,Files,return)</value>
    <value condition="StringCompare(Skin.String(tv_entries),library)">ActivateWindow(Videos,TVShows,return)</value>
    <value>ActivateWindow(VideoLibrary,TVShowTitles,return)</value>
  </variable>
  <variable name="TVEntryPointLabel2" description="Label2 for skin settings TV function item">
    <value condition="!IsEmpty(Skin.String(CustomTV.1.Path))">$INFO[Skin.String(CustomTV.1.Label)]</value>
	<value condition="StringCompare(Skin.String(tv_entries),playlists)">$LOCALIZE[136]</value>
    <value condition="StringCompare(Skin.String(tv_entries),files)">$LOCALIZE[744]</value>
    <value condition="StringCompare(Skin.String(tv_entries),library)">$LOCALIZE[15100]</value>
  </variable>
  <variable name="MusicPlayingFanartLabel2" description="Label2 for music playing FA">
    <value condition="Skin.HasSetting(MusicPlayingFanart)">$LOCALIZE[449]</value>
    <value>$LOCALIZE[13113]</value>
  </variable>
  <variable name="PVROverlay" description="PVR Overlay image">
    <value condition="ListItem.IsRecording">OverlayRecording.png</value>
    <value condition="ListItem.HasTimer">OverlayTimer.png</value>
  </variable>
  <variable name="PVR_Headings" description="PVR Headings">
    <value condition="Control.IsVisible(16) | Control.IsVisible(15) | Control.IsVisible(10)">$INFO[Control.GetLabel(31)]</value>
    <value>$INFO[Container.FolderName]</value>
  </variable>
  <variable name="Details" description="Shown Above Plots and descriptions">
    <value condition="!Container.content(Addons) + Window.IsActive(MyPics.xml)">$INFO[ListItem.Date,, • ]$INFO[ListItem.Size]</value>
    <value condition="Container.content(Albums)">$INFO[ListItem.Artist]</value>
    <value condition="Container.Content(Episodes)">$INFO[ListItem.Premiered,,  • ]$INFO[ListItem.Duration,, $LOCALIZE[12391]]$INFO[ListItem.Rating,  • ]</value>
    <value condition="Container.Content(Addons)">$INFO[ListItem.Property(Addon.Creator),$LOCALIZE[21863] : ]</value>
    <value condition="Container.Content(songs) + !IsEmpty(ListItem.Album)">[COLOR=Grey]$LOCALIZE[558]:[/COLOR] $INFO[ListItem.Album]</value>
    <value condition="Container.Content(Artists) + !IsEmpty(ListItem.Property(artist_genre))">$INFO[ListItem.Property(artist_genre),[COLOR=Grey]$LOCALIZE[515]: [/COLOR]]</value>
    <value condition="Container.Content(Artists) + !IsEmpty(ListItem.Property(artist_style))">$INFO[ListItem.Property(artist_style),[COLOR=Grey]$LOCALIZE[176]: [/COLOR]]</value>
    <value condition="Container.Content(MusicVideos)">$INFO[ListItem.Year,, • ]$INFO[ListItem.Duration,, $LOCALIZE[31297]]</value>
    <value condition="Container.Content(Movies)">$INFO[ListItem.Year]$INFO[ListItem.Duration, • , $LOCALIZE[31297]]$INFO[ListItem.Rating, • ]$INFO[ListItem.MPAA, • ]</value>
		<value condition="IntegerGreaterThan(ListItem.Property(UnWatchedEpisodes),0) + [Container.Content(Seasons) | Container.Content(TVShows)]">$INFO[ListItem.Year,, • ]$INFO[ListItem.MPAA,, • ]$INFO[ListItem.Property(TotalEpisodes),$LOCALIZE[20360] • ] [COLOR=Highlight]$INFO[ListItem.Property(UnWatchedEpisodes), (,) ][/COLOR]</value>
    <value condition="!IntegerGreaterThan(ListItem.Property(UnWatchedEpisodes),0) + [Container.Content(Seasons) | Container.Content(TVShows)]">$INFO[ListItem.Year,, • ]$INFO[ListItem.MPAA,, • ]$INFO[ListItem.Property(TotalEpisodes),$LOCALIZE[20360] • ]</value>
    <value>$INFO[ListItem.Label2]</value>
  </variable>
  <variable name="Fanart_Details" description="Shown Above Plots and descriptions">
    <value condition="!Container.content(Addons) + Window.IsActive(MyPics.xml)">$INFO[ListItem.Date,, • ]$INFO[ListItem.Size]</value>
    <value condition="Container.content(Albums)">$INFO[ListItem.Artist]</value>
    <value condition="Container.Content(Episodes)">$INFO[ListItem.Premiered,,  • ]$INFO[ListItem.Duration,, $LOCALIZE[12391]]$INFO[ListItem.Rating,  • ]</value>
    <value condition="Container.Content(Addons)">$INFO[ListItem.Property(Addon.Creator)]</value>
    <value condition="Container.Content(songs)">$INFO[ListItem.Duration]</value>
    <value condition="Container.Content(MusicVideos)">$INFO[ListItem.Year,, • ]$INFO[ListItem.Duration,, $LOCALIZE[31297]]</value>
    <value condition="Container.Content(Movies)">$INFO[ListItem.Year,, • ]$INFO[ListItem.Duration,, $LOCALIZE[31297]]$INFO[ListItem.Rating, • ]</value>
    <value condition="IntegerGreaterThan(ListItem.Property(UnWatchedEpisodes),0) + [Container.Content(Seasons) | Container.Content(TVShows)]">$INFO[ListItem.Year,, • ]$INFO[ListItem.Property(TotalEpisodes), $LOCALIZE[20360] ] [COLOR=Highlight]$INFO[ListItem.Property(UnWatchedEpisodes), (,) ][/COLOR]</value>
    <value condition="!IntegerGreaterThan(ListItem.Property(UnWatchedEpisodes),0) + [Container.Content(Seasons) | Container.Content(TVShows)]">$INFO[ListItem.Year,, • ]$INFO[ListItem.Property(TotalEpisodes),, $LOCALIZE[20360]]</value>
    <value>$INFO[ListItem.Label2]</value>
  </variable>
  <variable name="Plots" description="Plots and descriptions">
    <value condition="Container.content(addons) + !IsEmpty(ListItem.Property(Addon.Description))">$INFO[ListItem.Property(Addon.Description)]</value>
    <value condition="SubString(ListItem.Path,videodb://movies/sets/)">$LOCALIZE[20457]</value>
    <value condition="Container.Content(Seasons) + !IsEmpty(ListItem.Plot) + !IsEmpty(ListItem.Title)">$INFO[ListItem.Plot]</value>
	<value condition="Container.Content(Seasons) + !IsEmpty(Container.ShowPlot) + !IsEmpty(ListItem.Title)">$INFO[Container.ShowPlot]</value>
    <value condition="Container.Content(albums) + !IsEmpty(ListItem.Property(Album_Description))">$INFO[ListItem.Property(Album_Description)]</value>
    <value condition="Container.Content(albums) + IsEmpty(ListItem.Property(Album_Description))">$LOCALIZE[414]</value>
    <value condition="Container.Content(artists) + !IsEmpty(ListItem.Property(Artist_Description))">$INFO[ListItem.Property(Artist_Description)]</value>
    <value condition="Window.IsActive(MyPics.xml) + !IsEmpty(ListItem.PictureDesc)">$INFO[ListItem.PictureDesc]</value>
    <value condition="Window.IsActive(MyPics.xml) + !IsEmpty(ListItem.PictureComment)">$INFO[ListItem.PictureComment]</value>
    <value condition="Window.IsActive(MyPics.xml) + !IsEmpty(ListItem.PictureKeywords)">$INFO[ListItem.PictureKeywords]</value>
    <value condition="Window.IsActive(MyPics.xml)">[COLOR=Grey]$LOCALIZE[21821]:[/COLOR][CR][CR]   $LOCALIZE[416]</value>
    <value condition="!IsEmpty(ListItem.Plot)">$INFO[ListItem.Plot]</value>
  </variable>
  <variable name="PVROverlay" description="PVR Overlay image">
    <value condition="ListItem.IsRecording">OverlayRecording.png</value>
    <value condition="ListItem.HasTimer">OverlayTimer.png</value>
  </variable>
  <variable name="Default.Art" description="Calculate BG to show">
    <value condition="!IsEmpty(Skin.String(Default.Background))">$INFO[Skin.String(Default.Background)]</value>
    <value>special://skin/backgrounds/default/</value>
  </variable>
  <variable name="Settings.Art" description="Calculate BG to show">
    <value condition="!IsEmpty(Skin.String(Settings.Background))">$INFO[Skin.String(Settings.Background)]</value>
    <value>special://skin/backgrounds/System.jpg</value>
  </variable>
  <variable name="Weather.Art" description="Calculate BG to show">
    <value condition="!IsEmpty(Skin.String(Weather.Background))">$INFO[Skin.String(Weather.Background)]</value>
    <value>special://skin/backgrounds/Weather.jpg</value>
  </variable>
  <variable name="Pvr.Art" description="Calculate BG to show">
    <value condition="!IsEmpty(Skin.String(Pvr.Background))">$INFO[Skin.String(Pvr.Background)]</value>
    <value>special://skin/backgrounds/default</value>
  </variable>
  <variable name="Pictures.Art" description="Calculate BG to show">
    <value condition="!container.content(addons) + !IsEmpty(ListItem.thumb)">$INFO[ListItem.thumb]</value>
    <value condition="!IsEmpty(Skin.String(Default.Background))">$INFO[Skin.String(Default.Background)]</value>
    <value>special://skin/backgrounds/default/</value>
  </variable>
  <variable name="Fanart.Art" description="Calculate BG to show">
    <value condition="!IsEmpty(ListItem.Art(fanart))">$INFO[ListItem.Art(fanart)]</value>
    <value condition="!IsEmpty(Skin.String(Default.Background))">$INFO[Skin.String(Default.Background)]</value>
    <value>special://skin/backgrounds/default/</value>
  </variable>  
</includes>