<?xml version="1.0" encoding="UTF-8"?>
<window>
  <defaultcontrol always="true">50</defaultcontrol>
  <allowoverlay>no</allowoverlay>
  <views>50</views>
  <controls>
    <control type="group" description="fanart"> 
       <include>Pvr_Art</include> 
     </control> 
 	<control type="image" description="fa overlay"> 
 	  <visible>Control.IsVisible(50)</visible> 
 	  <posx>0</posx> 
       <posy>65</posy> 
       <width>1920</width> 
       <height>1015</height> 
       <texture border="0,30,0,0">OSD/OSDBackground.png</texture> 
       <colordiffuse>FF9e9e9e</colordiffuse> 
     </control> 
    <include>Time</include>
    <control type="group">
      <include>OpenClose</include>
    <control type="group" description="REC group">
      <include>VisibleFadeEffect</include>
	  <visible>Control.IsVisible(50)</visible>
      <control type="list" id="50" description="REC">
        <posx>940</posx>
        <posy>445</posy>
        <width>980</width>
        <height>594</height>
        <onleft>102</onleft>
        <onright>72</onright>
        <onup>50</onup>
        <ondown>50</ondown>
        <pagecontrol>72</pagecontrol>
        <scrolltime tween="sine" easing="inout">280</scrolltime>
        <itemlayout height="99">
          <control type="image">
            <posx>0</posx>
            <posy>0</posy>
            <height>99</height>
            <width>980</width>
            <texture flipy="true" border="3">list/ListNF.png</texture>
          </control>
          <include>RecOverlay</include>
          <control type="image" description="Thumb">
            <posx>12</posx>
            <posy>14</posy>
            <height>74</height>
            <width>110</width>
            <align>center</align>
            <aligny>center</aligny>
            <aspectratio>scale</aspectratio>
            <texture fallback="DefaultThumb.png">$INFO[ListItem.thumb]</texture>
          </control>
          <control type="label" description="Main Label">
            <posx>150</posx>
            <height>55</height>
            <width>800</width>
            <scroll>false</scroll>
            <label>$INFO[ListItem.Label]</label>
          </control>
          <control type="label" description="Label2">
            <posx>150</posx>
            <posy>40</posy>
            <height>60</height>
            <font>Details</font>
            <width>800</width>
            <scroll>false</scroll>
            <textcolor>Label2</textcolor>
            <label>$INFO[ListItem.Date]</label>
          </control>
        </itemlayout>
        <focusedlayout height="99">
          <control type="image">
            <posx>0</posx>
            <posy>0</posy>
            <height>99</height>
            <width>980</width>
            <texture flipy="true" border="3">list/ListNF.png</texture>
          </control>
          <control type="image">
            <posx>0</posx>
            <posy>0</posy>
            <width>980</width>
            <height>96</height>
            <texture>list/ListFO.png</texture>
          </control>
          <include>RecOverlay</include>
          <control type="image" description="Thumb">
            <posx>12</posx>
            <posy>14</posy>
            <height>74</height>
            <width>110</width>
            <align>center</align>
            <aligny>center</aligny>
            <aspectratio>scale</aspectratio>
            <texture fallback="DefaultThumb.png">$INFO[ListItem.thumb]</texture>
          </control>
          <control type="label" description="Main Label">
            <posx>150</posx>
            <height>55</height>
            <width>800</width>
            <scroll>false</scroll>
            <label>$INFO[ListItem.Label]</label>
          </control>
          <control type="label" description="Label2">
            <posx>150</posx>
            <posy>40</posy>
            <height>60</height>
            <font>Details</font>
            <width>800</width>
            <scroll>false</scroll>
            <textcolor>Label2</textcolor>
            <label>$INFO[ListItem.Date]</label>
          </control>
        </focusedlayout>
      </control>
    </control>
	</control>
      <!-- view id = 13 -->
    <control type="group" description="REC group">
      <include>VisibleFadeEffect</include>
      <control type="group" description="INFO">
        <posx>60</posx>
        <posy>480</posy>
        <control type="label" description="Title above progress">
          <posy>-12</posy>
          <width>700</width>
          <font>InfoTitle</font>
          <textcolor>Highlight</textcolor>
          <aligny>center</aligny>
          <height>60</height>
          <wrapmultiline>true</wrapmultiline>
          <label>$INFO[Container(50).ListItem.Title]</label>
        </control>
        <control type="textbox" description="Plot Value for TV">
          <posx>0</posx>
          <posy>50</posy>
          <width>700</width>
          <height>411</height>
          <align>justify</align>
          <pagecontrol>-</pagecontrol>
          <label>$INFO[Container(50).ListItem.Plot]</label>
        </control>
        <control type="label">
          <posy>520</posy>
          <width>700</width>
          <height>36</height>
          <font>Details</font>
          <label>[COLOR=Grey]$LOCALIZE[2050]: [/COLOR]$INFO[Container(50).ListItem.Duration]</label>
        </control>
      </control>
    </control>
	<include>PVRSideBlade</include>
  </controls>
</window>