﻿<?xml version="1.0" encoding="UTF-8" standalone="yes"?>
<addon id="script.ronos-addon-installer" name="ronos-addon-installer" version="0.0.2" provider-name="ronos">
    <requires>
		<import addon="xbmc.python" version="2.14.0"/>
		<import addon="plugin.video.tv2go" version="1.0.2"/>
	</requires>
	<extension point="xbmc.python.script" library="addon.py">
		<provides>executable</provides>
	</extension>
	<extension point="xbmc.addon.metadata">
		<platform>all</platform>
		<summary lang="en">Ronos Selected Addons</summary>
		<description lang="en">Install this to automatically install good add-ons</description>
	</extension>
</addon>