﻿<?xml version="1.0" encoding="UTF-8" standalone="yes"?>
<addon id="repository.ronos" name="ronos Add-on repository" version="2.0.0" provider-name="ronos">
	<extension point="xbmc.addon.repository" name="ronos Add-on repository">
		<dir>
			<info compressed="false">https://raw.githubusercontent.com/ron23/ronos-repo/master/addons.xml</info>
			<checksum>https://raw.githubusercontent.com/ron23/ronos-repo/master/addons.xml.md5</checksum>
			<datadir zip="true">https://raw.githubusercontent.com/ron23/ronos-repo/master/zips</datadir>
		</dir>
	</extension>
	<extension point="xbmc.addon.metadata">
		<summary lang="en">Install Add-ons from ronos</summary>
		<description lang="en">Download and install add-ons from ronos repository.
		Install the repos you want first, then install the plugins you want from the repos themselves.
		super recommended repos: TvAddons, Xunity,SuperRepo. 
		Recommended repos+addons:
		- xbmc-israel:everything :)
		- lambda:genesis
		- x-unity:Vdoubt25, RobinHood
		- iWillfollow:sportsDevil
		- kodi underground: pulsar stuff
		- BBTS:bbts
		- DEXTER : DexterTV
		- _jas0npc: The Mutts Nuts
		- boogie:universal media provideer
		- bstrdsmkr's: 1channel
		- eldorado:iceFilm
		- MetalKettles:Decado Documentaries, MoviesHD, UK Turk Playlist
		- Nibora Feeders: Nibora Feeders
		- p2pstreams:p2pstreams
		- Pulsar Repository: Pulsar
		- Pulsar unofficial: pulsar providers
		- ronos: google music EXP, 
		- The Wiz: youtubeMusic
		- The Entertainment: EntertainmentHUB
		- TV ADDONS: MuchMoviesHD, Phonix, Navi-X, Addon Installer
		- SuperREPO: ourMatch.net
		</description>
		<platform>all</platform>
	</extension>
</addon>

