﻿<?xml version="1.0" encoding="UTF-8" standalone="yes"?>
<addon id="plugin.video.sportstv" name="sportsTV" version="1.0.1" provider-name=".">
    <requires>
        <import addon="xbmc.python" version="2.1.0"/>
    </requires>
    <extension point="xbmc.python.pluginsource" library="sportstv.py">
        <provides>video</provides>
    </extension>
    <extension point="xbmc.addon.metadata">
        <platform>all</platform>
        <supportedcontent>
          <content>tvshows</content>
        </supportedcontent>	
    </extension>
 </addon>
