<?xml version="1.0" encoding="UTF-8" standalone="yes"?>
<addon id="repository.ronos" name="ronos Add-on repository" version="3.0.0" provider-name="ronos">
	<extension point="xbmc.addon.repository" name="ronos Add-on repository">
		<dir>
			<info compressed="false">https://raw.githubusercontent.com/ronos-repo/ronos-repo/master/addons.xml</info>
			<checksum>https://raw.githubusercontent.com/ronos-repo/ronos-repo/master/addons.xml.md5</checksum>
			<datadir zip="true">https://raw.githubusercontent.com/ronos-repo/ronos-repo/master/zips</datadir>
		</dir>
	</extension>
	<extension point="xbmc.addon.metadata">
		<summary lang="en">Install Add-ons from ronos</summary>
		<description lang="en">Install the repos you want first, then install the plugins you want from the repos themselves (or from AllAddons).
		</description>
		<platform>all</platform>
	</extension>
</addon>

