<?xml version="1.0" encoding="UTF-8" standalone="yes"?>
<addon id="repository.Ninbora.Addons"
       name="Ninbora Addons"
       version="1.0.17"
       provider-name="Ninbora Development Team">
  <extension point="xbmc.addon.repository" name="Ninbora">
    <info compressed="false">https://raw.githubusercontent.com/ninbora/repo/master/addons.xml</info>
    <checksum>https://raw.githubusercontent.com/ninbora/repo/master/addons.xml.md5</checksum>
    <datadir zip="true">https://raw.githubusercontent.com/ninbora/repo/master</datadir>
  </extension>
  <extension point="xbmc.addon.metadata">
    <minversion>1</minversion>
    <platform>all</platform>
    <summary lang="en">Ninbora Repository</summary>
    <description lang="en">Addons from Ninbora</description>
  </extension>
</addon>
