<?xml version="1.0" encoding="UTF-8" standalone="yes"?>
<addon id="repository.foreverguest" name="foreverguest Add-ons" version="1.0.0" provider-name="foreverguest">
    <extension point="xbmc.addon.repository" name="foreverguest Add-ons">
        <info compressed="true">https://github.com/foreverguest/repository.foreverguest/raw/master/addons.xml</info>
        <checksum>https://github.com/foreverguest/repository.foreverguest/raw/master/addons.xml.md5</checksum>
        <datadir zip="true">https://raw.githubusercontent.com/foreverguest/repository.foreverguest/master/</datadir>
    </extension>
    <extension point="xbmc.addon.metadata">
        <summary>foreverguest Add-ons</summary>
        <platform>all</platform>
    </extension>
</addon>