<?xml version="1.0" encoding="UTF-8" standalone="yes"?>
<addon id="plugin.metadata.sratim.co.il"
       name="Sratim"
       version="1.3.4"
       provider-name="Lev Waisberg">
  <requires>
    <import addon="xbmc.metadata" version="1.0"/>
    <import addon="metadata.common.themoviedb.org" version="2.8.0"/>
    <import addon="metadata.common.movieposterdb.com" version="1.1.0" optional="true"/>
    <import addon="metadata.common.imdb.com" version="2.6.0"/>
  </requires>
  <extension point="xbmc.metadata.scraper.movies"
             language="he"
             library="sratim.xml"/>
  <extension point="xbmc.addon.metadata">
    <summary lang="en">Sratim Movie Scraper</summary>
	<description lang="en">Download Movie information from www.sratim.co.il</description>
	<platform>all</platform>
  </extension>
</addon>