<?xml version="1.0" encoding="UTF-8"?>
<window type="dialog">
  <defaultcontrol always="true">11</defaultcontrol>
  <coordinates>
    <system>1</system>
    <posx>810</posx>
    <posy>15</posy>
  </coordinates>
  <controls>
    <control type="group" description="Content">
      <include>DialogOpenClose</include>
      <control type="image">
        <posx>290</posx>
        <posy>120</posy>
        <width>750</width>
        <height>780</height>
        <texture border="90,0,90,0">dialogs/DialogBG.png</texture>
      </control>
      <control type="label" description="Header">
        <posx>340</posx>
        <posy>170</posy>
        <width>630</width>
        <height>36</height>
        <textcolor>Highlight</textcolor>
        <font>InfoTitle</font>
        <align>center</align>
        <label>[B]$INFO[VideoPlayer.ChannelName][/B] - $INFO[Container(11).ListItem.StartDate]</label>
      </control>
      <control type="list" id="11">
        <posx>320</posx>
        <posy>240</posy>
        <width>680</width>
        <height>599</height>
        <onleft>close</onleft>
        <onright>60</onright>
        <onup>11</onup>
        <ondown>11</ondown>
        <pagecontrol>60</pagecontrol>
        <scrolltime>200</scrolltime>
        <itemlayout height="75" width="720">
          <control type="label">
            <posx>129</posx>
            <posy>0</posy>
            <width>120</width>
            <height>75</height>
            <font>Details</font>
            <align>right</align>
            <aligny>center</aligny>
            <label>$INFO[ListItem.StartTime]</label>
          </control>
          <control type="image">
            <posx>144</posx>
            <posy>0</posy>
            <height>75</height>
            <include>RecOverlay</include>
          </control>
          <control type="label">
            <posx>180</posx>
            <posy>0</posy>
            <width>495</width>
            <height>75</height>
            <posx>128</posx>
            <label>$INFO[ListItem.Label]</label>
          </control>
        </itemlayout>
        <focusedlayout height="75" width="720">
          <control type="image">
            <posx>0</posx>
            <posy>0</posy>
            <width>720</width>
            <height>75</height>
            <texture border="5">buttons/ButtonFO.png</texture>
          </control>
          <control type="image">
            <posx>144</posx>
            <posy>0</posy>
            <height>75</height>
            <include>RecOverlay</include>
          </control>
          <control type="label">
            <posx>129</posx>
            <posy>0</posy>
            <width>120</width>
            <height>75</height>
            <font>Details</font>
            <align>right</align>
            <aligny>center</aligny>
            <label>$INFO[ListItem.StartTime]</label>
          </control>
          <control type="label">
            <posx>180</posx>
            <posy>0</posy>
            <width>495</width>
            <height>75</height>
            <label>$INFO[ListItem.Label]</label>
          </control>
        </focusedlayout>
      </control>
      <control type="scrollbar" id="60">
        <visible>false</visible>
        <posx>996</posx>
        <posy>240</posy>
        <width>9</width>
        <height>525</height>
        <onleft>11</onleft>
        <onright>close</onright>
        <ondown>60</ondown>
        <onup>60</onup>
        <showonepage>false</showonepage>
        <orientation>vertical</orientation>
      </control>
    </control>
  </controls>
</window>