<?xml version="1.0" encoding="UTF-8"?>
<window type="dialog">
  <defaultcontrol>29</defaultcontrol>
  <coordinates>
    <system>1</system>
  </coordinates>
  <include>OpenClose</include>
  <controls>
    <include>DimBG</include>
    <control type="group">
      <include>DialogOpenClose</include>
      <control type="image">
        <posx>300</posx>
        <posy>0</posy>
        <width>1220</width>
        <height>1080</height>
        <texture border="50,0,50,0">dialogs/DialogBG.png</texture>
      </control>
      <control type="label" id="2" description="Header">
        <posx>396</posx>
        <posy>45</posy>
        <width>1005</width>
        <textcolor>Highlight</textcolor>
        <label>-</label>
        <align>center</align>
      </control>
      <control type="grouplist" id="5" description="Controls">
        <posx>396</posx>
        <posy>120</posy>
        <width>1005</width>
        <height>900</height>
        <itemgap>2</itemgap>
        <onup>9001</onup>
        <ondown>9001</ondown>
        <onleft>9001</onleft>
        <onright>9001</onright>
      </control>
      <control type="group" id="9001">
        <posx>590</posx>
        <posy>945</posy>
        <control type="button" id="28" description="OK">
          <posx>0</posx>
          <posy>0</posy>
          <width>300</width>
          <align>center</align>
          <aligny>center</aligny>
          <label>$LOCALIZE[186]</label>
          <onleft>29</onleft>
          <onright>29</onright>
          <onup>5</onup>
          <ondown>5</ondown>
        </control>
        <control type="button" id="29" description="CANCEL">
          <posx>315</posx>
          <posy>0</posy>
          <width>300</width>
          <align>center</align>
          <aligny>center</aligny>
          <label>$LOCALIZE[222]</label>
          <onleft>28</onleft>
          <onright>28</onright>
          <onup>5</onup>
          <ondown>5</ondown>
        </control>
      </control>
      <control type="button" id="7">
        <description>Default Button</description>
      </control>
      <control type="radiobutton" id="8">
        <description>Default RadioButton</description>
      </control>
      <control type="spincontrolex" id="9">
        <description>Default spincontrolex</description>
        <reverse>yes</reverse>
      </control>
      <control type="sliderex" id="13">
        <description>Default Slider</description>
      </control>
      <control type="edit" id="12">
        <description>Default Edit</description>
      </control>
    </control>
  </controls>
</window>