<?xml version="1.0" encoding="UTF-8"?>
<includes>
  <include name="RecOverlay">
    <control type="image">
      <posx>930</posx>
      <posy>0</posy>
      <width>18</width>
      <height>99</height>
      <texture>OverlayRecording.png</texture>
      <aspectratio>keep</aspectratio>
      <visible>ListItem.IsRecording</visible>
    </control>
  </include>
  <include name="PVRSideBlade">
		<control type="group">
			<animation type="Conditional" condition="![ControlGroup(9000).HasFocus | Control.HasFocus(9001) | Control.HasFocus(8999)]">
				<effect type="fade" start="100" end="0" time="100" delay="250" />
				<effect type="slide" tween="circle" easing="in" start="0,0" end="-500,0" time="350" />
			</animation>
			<control type="button" id="8999">
				<description>Fake button for mouse control</description>
				<label>-</label>
				<font>-</font>
				<texturenofocus>-</texturenofocus>
				<texturefocus>-</texturefocus>
				<visible>true</visible>
			</control>
			<control type="button" id="9001">
				<left>250</left>
				<top>260</top>
				<width>42</width>
				<height>128</height>
				<font>-</font>
				<texturefocus>HasSub.png</texturefocus>
				<texturenofocus>HasSub.png</texturenofocus>
			</control>

			<control type="image">
				<posx>-1</posx>
				<posy>0</posy>
				<width>512</width>
				<height>1080</height>
				<texture border="0,0,30,0">common/ViewMenu.png</texture>
			</control>
			<control type="grouplist" id="9000">
				<posx>1</posx>
				<posy>60</posy>
				<width>500</width>
				<height>1120</height>
				<itemgap>0</itemgap>
				<onleft>9000</onleft>
				<onright>50</onright>
				<onup>9000</onup>
				<ondown>9000</ondown>
				<scrolltime>200</scrolltime>
				<orientation>vertical</orientation>
				<control type="label" id="200">
					<textcolor>Highlight</textcolor>
					<textoffsetx>10</textoffsetx>
					<align>left</align>
					<include>9000ViewButtons</include>
					<label>33063</label>
				</control>
				<control type="button" id="100">
					<description>Channels</description>
					<include>9000SysButtons</include>
					<label>19019</label> 
					<onclick condition="Window.IsActive(TVChannels) | Window.IsActive(RadioChannels)">NextChannelGroup</onclick> 
					<onclick condition="IsEmpty(Window.Property(IsRadio))">ActivateWindow(TVChannels)</onclick> 
					<onclick condition="!IsEmpty(Window.Property(IsRadio))">ActivateWindow(RadioChannels)</onclick> 
				</control>
				<control type="button" id="101">
					<description>TV Guide</description>
					<include>9000SysButtons</include>
					<label>22020</label> 
					<onclick condition="Window.IsActive(TVGuide) | Window.IsActive(RadioGuide)">NextChannelGroup</onclick> 
					<onclick condition="IsEmpty(Window.Property(IsRadio))">ActivateWindow(TVGuide)</onclick> 
					<onclick condition="!IsEmpty(Window.Property(IsRadio))">ActivateWindow(RadioGuide)</onclick> 
				</control>
				<control type="button" id="102">
					<description>Recordings</description>
					<include>9000SysButtons</include>
					<label>19163</label> 
					<onclick condition="IsEmpty(Window.Property(IsRadio))">ActivateWindow(TVRecordings)</onclick> 
					<onclick condition="!IsEmpty(Window.Property(IsRadio))">ActivateWindow(RadioRecordings)</onclick> 
				</control>
				<control type="button" id="103">
					<description>Timers</description>
					<include>9000SysButtons</include>
					<label>19040</label> 
					<onclick condition="IsEmpty(Window.Property(IsRadio))">ActivateWindow(TVTimers)</onclick> 
					<onclick condition="!IsEmpty(Window.Property(IsRadio))">ActivateWindow(RadioTimers)</onclick> 
				</control>
				<control type="button" id="104">
					<description>Search</description>
					<include>9000SysButtons</include>
					<label>137</label> 
					<onclick condition="IsEmpty(Window.Property(IsRadio))">ActivateWindow(TVSearch)</onclick> 
					<onclick condition="!IsEmpty(Window.Property(IsRadio))">ActivateWindow(RadioSearch)</onclick> 
				</control>
				<control type="label" id="201">
					<textcolor>Highlight</textcolor>
					<textoffsetx>10</textoffsetx>
					<align>left</align>
					<include>9000ViewButtons</include>
					<label>31006</label>
				</control>
				<control type="button" id="28"> 
					<description>Channel Groups</description> 
					<include>9000SysButtons</include>
					<label>-</label> 
				</control> 
				<control type="radiobutton" id="5"> 
					<description>Group recording items by folder structure</description> 
					<include>9000SysButtons</include> 
					<label>19270</label> 
					<visible>Window.IsActive(TVRecordings) | Window.IsActive(RadioRecordings)</visible> 
				</control> 
				<control type="button" id="2"> 
					<description>View As button</description> 
					<include>9000SysButtons</include> 
					<label>-</label> 
					<!-- <visible>Window.IsActive(TVGuide) | Window.IsActive(RadioGuide)</visible> --> 
				</control> 
				<control type="button" id="3"> 
					<description>Sort by button</description> 
					<include>9000SysButtons</include> 
					<label>103</label> 
				</control> 
				<control type="togglebutton" id="4"> 
					<description>Sort asc</description> 
					<include>9000SysButtons</include> 
					<alttexturefocus border="5">button-focus.png</alttexturefocus> 
					<alttexturenofocus>-</alttexturenofocus> 
					<label>31051</label> 
					<altlabel>31050</altlabel> 
					<usealttexture>Container.SortDirection(Ascending)</usealttexture> 
				</control> 
			</control>
		</control>
	</include>
  <include name="LiveTVChannelView">
    <control type="group" description="TV Channels group">
      <visible>Control.IsVisible(11)</visible>
      <include>VisibleFadeEffect</include>
        <control type="image" description="video window background">
            <visible>Player.HasVideo</visible>
            <posx>60</posx>
            <posy>100</posy>
            <width>600</width>
            <height>340</height>
            <texture>img/BlackDot.png</texture>
        </control>
        <control type="videowindow" description="TV Channel Live BG">
            <visible>Player.HasVideo</visible>
            <posx>60</posx>
            <posy>20</posy>
            <width>600</width>
            <height>500</height>
        </control>
        <control type="image" description="Current video label bacground">
            <visible>Player.HasVideo</visible>
            <posx>60</posx>
            <posy>100</posy>
            <width>600</width>
            <height>40</height>
            <texture>img/BlackDot.png</texture>
            <colordiffuse>DDFFFFFF</colordiffuse>
        </control>
        <control type="textbox" description="Current video label">
            <posx>60</posx>
            <posy>100</posy>
            <width>600</width>
            <height>40</height>
            <font>Details</font>
            <align>center</align>
            <textcolor>White</textcolor>
            <autoscroll delay="3000" time="3000" repeat="3000">true</autoscroll>
            <label>$INFO[Player.Title]</label>
            <visible>Player.HasVideo</visible>
        </control>
      <control type="list" id="11" description="CHANNELS">
        <posx>844</posx>
        <posy>120</posy>
        <width>1076</width>
        <height>892</height>
        <onleft>9000</onleft>
        <onright>70</onright>
        <onup>11</onup>
        <ondown>11</ondown>
        <pagecontrol>70</pagecontrol>
        <scrolltime tween="sine" easing="inout">280</scrolltime>
        <itemlayout height="99">
          <control type="image">
            <posx>0</posx>
            <posy>0</posy>
            <height>99</height>
            <width>1076</width>
            <texture flipy="true" border="3">list/ListNF.png</texture>
          </control>
          <include>RecOverlay</include>
          <control type="image" description="TV Logo">
			<visible>!Skin.HasSetting(HideEPGLogos)</visible>
            <posx>80</posx>
			<posy>3</posy>
            <width>90</width>
            <height>90</height>
            <texture>$INFO[ListItem.Icon]</texture>
            <aspectratio>keep</aspectratio>
          </control>
		  <control type="label" description="Number">
            <visible>!Skin.HasSetting(HideEPGLogos)</visible>
			<posx>40</posx>
            <height>99</height>
            <width>80</width>
            <align>center</align>
            <aligny>center</aligny>
            <info>ListItem.ChannelNumber</info>
          </control>
		  <control type="label" description="Number">
            <visible>Skin.HasSetting(HideEPGLogos)</visible>
			<posx>110</posx>
            <height>99</height>
            <width>80</width>
            <align>center</align>
            <aligny>center</aligny>
            <info>ListItem.ChannelNumber</info>
          </control>
          <control type="label" description="Main Label">
            <posx>186</posx>
            <height>55</height>
            <width>800</width>
            <scroll>false</scroll>
            <label>$INFO[ListItem.Label]</label>
          </control>
          <control type="label" description="Label2">
            <posx>186</posx>
            <posy>40</posy>
            <height>60</height>
            <font>Details</font>
            <width>800</width>
            <scroll>false</scroll>
            <textcolor>Label2</textcolor>
            <label>$INFO[ListItem.Title]</label>
          </control>
		  <control type="progress">
		    <posx>186</posx>
			<posy>92</posy>
			<width>800</width>
			<height>1</height>
	        <texturebg border="0,0,0,0">img/AmberDotBG.png</texturebg>
            <midtexture border="0,0,0,0">img/AmberDot.png</midtexture>
			<info>ListItem.Progress</info>
			<visible>ListItem.HasEpg</visible>
		  </control>
        </itemlayout>
        <focusedlayout height="99">
          <control type="image">
            <posx>0</posx>
            <posy>0</posy>
            <height>99</height>
            <width>980</width>
            <texture flipy="true" border="3">list/ListNF.png</texture>
          </control>
          <control type="image">
            <posx>0</posx>
            <posy>0</posy>
            <width>1076</width>
            <height>96</height>
            <texture>list/ListFO.png</texture>
          </control>
          <include>RecOverlay</include>
		  <control type="image" description="TV Logo">
			<visible>!Skin.HasSetting(HideEPGLogos)</visible>
            <posx>80</posx>
			<posy>3</posy>
            <width>90</width>
            <height>90</height>
            <texture>$INFO[ListItem.Icon]</texture>
            <aspectratio>keep</aspectratio>
          </control>
		  <control type="label" description="Number">
            <visible>!Skin.HasSetting(HideEPGLogos)</visible>
			<posx>40</posx>
            <height>99</height>
            <width>80</width>
            <align>center</align>
            <aligny>center</aligny>
            <info>ListItem.ChannelNumber</info>
          </control>
		  <control type="label" description="Number">
            <visible>Skin.HasSetting(HideEPGLogos)</visible>
			<posx>110</posx>
            <height>99</height>
            <width>80</width>
            <align>center</align>
            <aligny>center</aligny>
            <info>ListItem.ChannelNumber</info>
          </control>
		  <control type="label" description="Main Label">
            <posx>186</posx>
            <height>55</height>
            <width>800</width>
            <label>$INFO[ListItem.Label]</label>
          </control>
          <control type="label" description="Label2">
            <posx>186</posx>
            <posy>40</posy>
            <height>60</height>
            <font>Details</font>
            <width>800</width>
            <textcolor>Label2</textcolor>
            <label>$INFO[ListItem.Title]</label>
          </control>
		  <control type="progress">
		    <posx>186</posx>
			<posy>92</posy>
			<width>800</width>
			<height>1</height>
	        <texturebg border="0,0,0,0">img/AmberDotBG.png</texturebg>
            <midtexture border="0,0,0,0">img/AmberDot.png</midtexture>
			<info>ListItem.Progress</info>
			<visible>ListItem.HasEpg</visible>
		  </control>
        </focusedlayout>
      </control>
    </control>
  </include>
  <include name="LiveRadioChannelView">
    <control type="group" description="Radio group">
      <visible>Control.IsVisible(12)</visible>
      <include>VisibleFadeEffect</include>
        <control type="image" description="video window background">
            <visible>Player.HasVideo</visible>
            <posx>60</posx>
            <posy>100</posy>
            <width>600</width>
            <height>340</height>
            <texture>img/BlackDot.png</texture>
        </control>
        <control type="videowindow" description="TV Channel Live BG">
            <visible>Player.HasVideo</visible>
            <posx>60</posx>
            <posy>20</posy>
            <width>600</width>
            <height>500</height>
        </control>
        <control type="image" description="Current video label bacground">
            <visible>Player.HasVideo</visible>
            <posx>60</posx>
            <posy>100</posy>
            <width>600</width>
            <height>40</height>
            <texture>img/BlackDot.png</texture>
            <colordiffuse>DDFFFFFF</colordiffuse>
        </control>
        <control type="textbox" description="Current video label">
            <posx>60</posx>
            <posy>100</posy>
            <width>600</width>
            <height>40</height>
            <font>Details</font>
            <align>center</align>
            <textcolor>White</textcolor>
            <autoscroll delay="3000" time="3000" repeat="3000">true</autoscroll>
            <label>$INFO[Player.Title]</label>
            <visible>Player.HasVideo</visible>
        </control>
      <control type="list" id="12" description="RADIO">
        <posx>940</posx>
        <posy>120</posy>
        <width>980</width>
        <height>904</height>
        <onleft>9000</onleft>
        <onright>70</onright>
        <onup>12</onup>
        <ondown>12</ondown>
        <pagecontrol>70</pagecontrol>
        <scrolltime tween="sine" easing="inout">280</scrolltime>
        <itemlayout height="99">
          <control type="image">
            <posx>0</posx>
            <posy>0</posy>
            <height>99</height>
            <width>960</width>
            <texture flipy="true" border="3">list/ListNF.png</texture>
          </control>
          <include>RecOverlay</include>
          <control type="label" description="Number">
            <posx>40</posx>
            <height>99</height>
            <width>80</width>
            <align>center</align>
            <aligny>center</aligny>
            <info>ListItem.ChannelNumber</info>
          </control>
          <control type="label" description="Main Label">
            <posx>90</posx>
            <height>55</height>
            <width>800</width>
            <scroll>false</scroll>
            <label>$INFO[ListItem.Label]</label>
          </control>
          <control type="label" description="Label2">
            <posx>90</posx>
            <posy>40</posy>
            <height>60</height>
            <font>Details</font>
            <width>800</width>
            <scroll>false</scroll>
            <textcolor>Label2</textcolor>
            <label>$INFO[ListItem.Title]</label>
          </control>
        </itemlayout>
        <focusedlayout height="99">
          <control type="image">
            <posx>0</posx>
            <posy>0</posy>
            <height>99</height>
            <width>980</width>
            <texture flipy="true" border="3">list/ListNF.png</texture>
          </control>
          <control type="image">
            <posx>0</posx>
            <posy>0</posy>
            <width>980</width>
            <height>96</height>
            <texture>list/ListFO.png</texture>
          </control>
          <include>RecOverlay</include>
          <control type="label" description="Number">
            <posx>40</posx>
            <height>99</height>
            <width>80</width>
            <align>center</align>
            <aligny>center</aligny>
            <info>ListItem.ChannelNumber</info>
          </control>
          <control type="label" description="Main Label">
            <posx>90</posx>
            <height>55</height>
            <width>800</width>
            <label>$INFO[ListItem.Label]</label>
          </control>
          <control type="label" description="Label2">
            <posx>90</posx>
            <posy>40</posy>
            <height>60</height>
            <font>Details</font>
            <width>800</width>
            <textcolor>Label2</textcolor>
            <label>$INFO[ListItem.Title]</label>
          </control>
        </focusedlayout>
      </control>
    </control>
  </include>
  <!-- RECORDINGS -->
  <include name="LiveTVRecordingsView">
    <control type="group" description="REC group">
      <visible>Control.IsVisible(13)</visible>
      <include>VisibleFadeEffect</include>
        <control type="image" description="video window background">
            <visible>Player.HasVideo</visible>
            <posx>60</posx>
            <posy>100</posy>
            <width>600</width>
            <height>340</height>
            <texture>img/BlackDot.png</texture>
        </control>
        <control type="videowindow" description="TV Channel Live BG">
            <visible>Player.HasVideo</visible>
            <posx>60</posx>
            <posy>20</posy>
            <width>600</width>
            <height>500</height>
        </control>
        <control type="image" description="Current video label bacground">
            <visible>Player.HasVideo</visible>
            <posx>60</posx>
            <posy>100</posy>
            <width>600</width>
            <height>40</height>
            <texture>img/BlackDot.png</texture>
            <colordiffuse>DDFFFFFF</colordiffuse>
        </control>
        <control type="textbox" description="Current video label">
            <posx>60</posx>
            <posy>100</posy>
            <width>600</width>
            <height>40</height>
            <font>Details</font>
            <align>center</align>
            <textcolor>White</textcolor>
            <autoscroll delay="3000" time="3000" repeat="3000">true</autoscroll>
            <label>$INFO[Player.Title]</label>
            <visible>Player.HasVideo</visible>
        </control>
      <control type="list" id="13" description="REC">
        <posx>940</posx>
        <posy>140</posy>
        <width>980</width>
        <height>900</height>
        <onleft>9000</onleft>
        <onright>70</onright>
        <onup>13</onup>
        <ondown>13</ondown>
        <pagecontrol>70</pagecontrol>
        <scrolltime tween="sine" easing="inout">280</scrolltime>
        <itemlayout height="99">
          <control type="image">
            <posx>0</posx>
            <posy>0</posy>
            <height>99</height>
            <width>980</width>
            <texture flipy="true" border="3">list/ListNF.png</texture>
          </control>
          <include>RecOverlay</include>
          <control type="image" description="Thumb">
            <posx>12</posx>
            <posy>14</posy>
            <height>74</height>
            <width>110</width>
            <align>center</align>
            <aligny>center</aligny>
            <aspectratio>scale</aspectratio>
            <texture fallback="DefaultThumb.png">$INFO[ListItem.thumb]</texture>
          </control>
          <control type="label" description="Main Label">
            <posx>150</posx>
            <height>55</height>
            <width>800</width>
            <scroll>false</scroll>
            <label>$INFO[ListItem.Label]</label>
          </control>
          <control type="label" description="Label2">
            <posx>150</posx>
            <posy>40</posy>
            <height>60</height>
            <font>Details</font>
            <width>800</width>
            <scroll>false</scroll>
            <textcolor>Label2</textcolor>
            <label>$INFO[ListItem.Date]</label>
          </control>
	<control type="image">
		<left>890</left>
		<top>14</top>
                <posx>9</posx>
                <posy>9</posy>
		<width>33</width>
		<height>33</height>
		<texture>$INFO[ListItem.Overlay]</texture>
		<visible>!ListItem.IsResumable</visible>
	</control>
	<control type="image">
		<left>890</left>
		<top>14</top>
		<width>33</width>
		<height>33</height>
		<texture>OverlayInProgress.png</texture>
		<visible>ListItem.IsResumable</visible>
	</control>
        </itemlayout>
        <focusedlayout height="99">
          <control type="image">
            <posx>0</posx>
            <posy>0</posy>
            <height>99</height>
            <width>980</width>
            <texture flipy="true" border="3">list/ListNF.png</texture>
          </control>
          <control type="image">
            <posx>0</posx>
            <posy>0</posy>
            <width>980</width>
            <height>96</height>
            <texture>list/ListFO.png</texture>
          </control>
          <include>RecOverlay</include>
          <control type="image" description="Thumb">
            <posx>12</posx>
            <posy>14</posy>
            <height>74</height>
            <width>110</width>
            <align>center</align>
            <aligny>center</aligny>
            <aspectratio>scale</aspectratio>
            <texture fallback="DefaultThumb.png">$INFO[ListItem.thumb]</texture>
          </control>
          <control type="label" description="Main Label">
            <posx>150</posx>
            <height>55</height>
            <width>800</width>
            <scroll>false</scroll>
            <label>$INFO[ListItem.Label]</label>
          </control>
          <control type="label" description="Label2">
            <posx>150</posx>
            <posy>40</posy>
            <height>60</height>
            <font>Details</font>
            <width>800</width>
            <scroll>false</scroll>
            <textcolor>Label2</textcolor>
            <label>$INFO[ListItem.Date]</label>
          </control>
	<control type="image">
		<left>890</left>
		<top>14</top>
		<width>33</width>
		<height>33</height>
		<texture>$INFO[ListItem.Overlay]</texture>
		<visible>!ListItem.IsResumable</visible>
	</control>
	<control type="image">
		<left>890</left>
		<top>14</top>
		<width>33</width>
		<height>33</height>
		<texture>OverlayInProgress.png</texture>
		<visible>ListItem.IsResumable</visible>
	</control>
        </focusedlayout>
      </control>
    </control>
  </include>
  <!-- EPG TIMELINE -->
  <include name="EPGTimelineView">
		<control type="group">
			<description>TV Guide Timeline</description>
			<visible>Control.IsVisible(10)</visible>
			<include>VisibleFadeEffect</include>
			<control type="epggrid" id="10">
			<viewtype label="19032">list</viewtype> 
				<description>EPG Grid</description> 
				<posx>60</posx>
				<posy>275</posy>
				<width>1800</width>
				<height>705</height>
				<pagecontrol>10</pagecontrol>
				<scrolltime>350</scrolltime>
				<timeblocks>40</timeblocks>
				<rulerunit>6</rulerunit>
				<onleft>101</onleft>
				<onright>101</onright>
				<onup>10</onup>
				<ondown>10</ondown>
				<onback>101</onback>
				<rulerlayout height="80" width="60">
					<control type="image" id="1" description="Header row">
						<width>60</width>
						<height>80</height>
						<posx>0</posx>
						<posy>0</posy>
						<texture>-</texture>
					</control>
					<control type="label" id="2">
						<posx>10</posx>
						<posy>0</posy>
						<width>58</width>
						<height>80</height>
						<aligny>center</aligny>
						<align>left</align>
						<font>Details</font>
						<label>$INFO[ListItem.Label]</label>
					</control>
				</rulerlayout>
				<progresstexture border="0,96,18,14">img/EPGMarker.png</progresstexture>
				<channellayout height="78" width="420">
					<control type="image" id="1" description="Column 1">
						<posx>0</posx>
						<posy>0</posy>
						<width>420</width>
						<height>78</height>
						<bordersize>1</bordersize>
						<texture>img/BlackDotT.png</texture>
					</control>
					<control type="label">
							<left>0</left>
						<posx>35</posx>
						<posy>0</posy>
						<width>70</width>
						<height>78</height>
						<font>Details</font>
						<align>center</align>
						<info>ListItem.ChannelNumber</info>
					</control>
					<control type="label" id="1" description="Column 1 selected">
						<visible>!Skin.HasSetting(HideEPGLogos)</visible>
						<posx>80</posx>
						<width>258</width>
						<height>78</height>
						<font>Details</font>
						<label>$INFO[ListItem.ChannelName]</label>
					</control>
					<control type="label" id="1" description="Column 1 selected">
						<visible>Skin.HasSetting(HideEPGLogos)</visible>
						<posx>80</posx>
						<width>335</width>
						<height>78</height>
						<font>Details</font>
						<label>$INFO[ListItem.ChannelName]</label>
					</control>
					<control type="image" description="Channel Logo">
						<visible>!Skin.HasSetting(HideEPGLogos)</visible>
						<posx>345</posx>
						<posy>4</posy>
						<width>70</width>
						<height>70</height>
						<aspectratio>keep</aspectratio>
						<texture>$INFO[ListItem.Icon]</texture>
					</control>
				</channellayout>
				<focusedchannellayout height="78" width="420">
					<control type="image" id="1" description="Column 1">
						<posx>0</posx>
						<posy>0</posy>
						<width>420</width>
						<height>78</height>
						<bordersize>1</bordersize>
						<texture>img/BlackDotT.png</texture>
					</control>
					<control type="label" description="Column 1 FO">
							<left>0</left>
						<posx>35</posx>
						<posy>0</posy>
						<width>70</width>
						<height>78</height>
						<font>Details</font>
						<align>center</align>
						<aligny>center</aligny>
						<textcolor>White2</textcolor>
						<info>ListItem.ChannelNumber</info>
					</control>
					<control type="label" id="1" description="Column 1 Focused">
						<visible>!Skin.HasSetting(HideEPGLogos)</visible>
						<posx>80</posx>
						<width>258</width>
						<height>78</height>
						<font>Details</font>
						<textcolor>White2</textcolor>
						<aligny>center</aligny>
						<align>left</align>
						<label>$INFO[ListItem.ChannelName]</label>
					</control>
					<control type="label" id="1" description="Column 1 selected">
						<visible>Skin.HasSetting(HideEPGLogos)</visible>
						<posx>80</posx>
						<width>335</width>
						<height>78</height>
						<font>Details</font>
						<label>$INFO[ListItem.ChannelName]</label>
					</control>
					<control type="image" description="Channel Logo">
						<visible>!Skin.HasSetting(HideEPGLogos)</visible>
						<posx>345</posx>
						<posy>4</posy>
						<width>70</width>
						<height>70</height>
						<aspectratio>keep</aspectratio>
						<texture>$INFO[ListItem.Icon]</texture>
					</control>
				</focusedchannellayout>
				<itemlayout height="78" width="60">
					<control type="image" id="2" description="Row">
						<posx>0</posx>
						<posy>0</posy>
						<width>60</width>
						<height>78</height>
						<bordersize>1</bordersize>
						<texture>pvr_genres/$INFO[ListItem.Property(GenreType)].png</texture>
					</control>
					<control type="label" id="1">
						<posx>9</posx>
						<posy>0</posy>
						<width>45</width>
						<height>78</height>
						<font>Details</font>
						<scroll>false</scroll>
						<info>ListItem.Label</info>
					</control>
					<control type="image">
						<posx>9</posx>
						<posy>58</posy>
						<width>14</width>
						<height>14</height>
						<texture>$VAR[PVROverlay]</texture>
						<aspectratio>keep</aspectratio>
					</control>
				</itemlayout>
				<focusedlayout height="78" width="60">
					<control type="image" id="2" description="Row">
						<posx>0</posx>
						<posy>0</posy>
						<width>60</width>
						<height>78</height>
						<texture>pvr_genres/$INFO[ListItem.Property(GenreType)].png</texture>
						<bordertexture border="5">img/FrameSlim.png</bordertexture>
					</control>
					<control type="label" id="1">
						<posx>9</posx>
						<posy>0</posy>
						<width>45</width>
						<height>78</height>
						<font>Details</font>
						<textcolor>White2</textcolor>
						<info>ListItem.Label</info>
					</control>
					<control type="image">
						<posx>9</posx>
						<posy>58</posy>
						<width>14</width>
						<height>14</height>
						<texture>$VAR[PVROverlay]</texture>
						<aspectratio>keep</aspectratio>
					</control>
				</focusedlayout>
			</control>
			<control type="image" description="Top split">
				<posx>60</posx>
				<posy>345</posy>
				<width>1800</width>
				<height>2</height>
				<texture>img/LineST.png</texture>
			</control>
			<control type="image" description="Middle split">
				<posx>60</posx>
				<posy>977</posy>
				<width>1800</width>
				<height>2</height>
				<texture>img/LineST.png</texture>
			</control>
			<control type="group">
				<posx>60</posx>
				<posy>1008</posy>
				<control type="label">
					<posx>0</posx>
					<posy>0</posy>
					<width>1740</width>
					<height>40</height>
					<aligny>center</aligny>
					<align>left</align>
					<scroll>false</scroll>
					<label>[COLOR=Highlight]$INFO[ListItem.Label][/COLOR]$INFO[ListItem.Genre,  -  ,  -]  [COLOR=Grey]$INFO[ListItem.StartTime,( ,  -  ]$INFO[ListItem.EndTime,, )][/COLOR]</label>
				</control>
			</control>
		</control>
	</include>
  <!-- TIMERS -->
  <include name="LiveTVTimersView">
    <control type="group">
      <description>Timers group</description>
      <visible>Control.IsVisible(14)</visible>
      <include>VisibleFadeEffect</include>
        <control type="image" description="video window background">
            <visible>Player.HasVideo</visible>
            <posx>60</posx>
            <posy>100</posy>
            <width>600</width>
            <height>340</height>
            <texture>img/BlackDot.png</texture>
        </control>
        <control type="videowindow" description="TV Channel Live BG">
            <visible>Player.HasVideo</visible>
            <posx>60</posx>
            <posy>20</posy>
            <width>600</width>
            <height>500</height>
        </control>
        <control type="image" description="Current video label bacground">
            <visible>Player.HasVideo</visible>
            <posx>60</posx>
            <posy>100</posy>
            <width>600</width>
            <height>40</height>
            <texture>img/BlackDot.png</texture>
            <colordiffuse>DDFFFFFF</colordiffuse>
        </control>
        <control type="textbox" description="Current video label">
            <posx>60</posx>
            <posy>100</posy>
            <width>600</width>
            <height>40</height>
            <font>Details</font>
            <align>center</align>
            <textcolor>White</textcolor>
            <autoscroll delay="3000" time="3000" repeat="3000">true</autoscroll>
            <label>$INFO[Player.Title]</label>
            <visible>Player.HasVideo</visible>
        </control>
      <control type="list" id="14" description="Timers">
        <posx>60</posx>
        <posy>490</posy>
        <width>1800</width>
        <height>468</height>
        <scrolltime>350</scrolltime>
        <onleft>31</onleft>
        <onright>31</onright>
        <onup>14</onup>
        <ondown>14</ondown>
        <itemlayout height="78">
          <control type="image">
            <posx>0</posx>
            <posy>0</posy>
            <height>78</height>
            <width>1800</width>
            <texture border="3">list/ListNF.png</texture>
          </control>
          <control type="label" description="Timer label">
            <posx>10</posx>
            <posy>0</posy>
            <width>480</width>
            <height>78</height>
            <scroll>false</scroll>
            <info>ListItem.Label</info>
          </control>
          <control type="label" description="Date">
            <posx>510</posx>
            <posy>0</posy>
            <width>580</width>
            <height>78</height>
            <scroll>false</scroll>
            <info>ListItem.Date</info>
          </control>
          <control type="label" description="Channel label">
            <posx>1110</posx>
            <posy>0</posy>
            <width>380</width>
            <height>78</height>
            <scroll>false</scroll>
            <info>ListItem.ChannelName</info>
          </control>
          <control type="label" description="Comment">
            <posx>1510</posx>
            <posy>0</posy>
            <width>280</width>
            <height>78</height>
            <scroll>false</scroll>
            <font>ListDetails</font>
            <info>ListItem.Comment</info>
          </control>
        </itemlayout>
        <focusedlayout height="78">
          <control type="image">
            <posx>0</posx>
            <posy>0</posy>
            <height>78</height>
            <width>1800</width>
            <texture border="3">list/ListNF.png</texture>
          </control>
          <control type="image">
            <posx>0</posx>
            <posy>3</posy>
            <width>1800</width>
            <height>75</height>
            <texture>list/ListFO.png</texture>
          </control>
          <control type="label" description="Timer label">
            <posx>10</posx>
            <posy>0</posy>
            <width>480</width>
            <height>78</height>
            <scroll>false</scroll>
            <info>ListItem.Label</info>
          </control>
          <control type="label" description="Date">
            <posx>510</posx>
            <posy>0</posy>
            <width>580</width>
            <height>78</height>
            <scroll>false</scroll>
            <info>ListItem.Date</info>
          </control>
          <control type="label" description="Channel label">
            <posx>1110</posx>
            <posy>0</posy>
            <width>380</width>
            <height>78</height>
            <scroll>false</scroll>
            <info>ListItem.ChannelName</info>
          </control>
          <control type="label" description="Comment">
            <posx>1510</posx>
            <posy>0</posy>
            <width>280</width>
            <height>78</height>
            <font>ListDetails</font>
            <scroll>false</scroll>
            <info>ListItem.Comment</info>
          </control>
        </focusedlayout>
      </control>
      <control type="group" description="Header">
        <posx>60</posx>
        <posy>440</posy>
        <control type="image" description="split">
          <posx>0</posx>
          <posy>39</posy>
          <width>1800</width>
          <height>2</height>
          <texture>img/LineST.png</texture>
        </control>
        <control type="label">
          <description>Title header label</description>
          <posx>20</posx>
          <posy>0</posy>
          <width>450</width>
          <height>30</height>
          <label>$LOCALIZE[369]</label>
        </control>
        <control type="label">
          <description>Schedule Time header label</description>
          <posx>520</posx>
          <posy>0</posy>
          <width>550</width>
          <height>30</height>
          <label>$LOCALIZE[31501]</label>
        </control>
        <control type="label">
          <description>Channel header label</description>
          <posx>1120</posx>
          <posy>0</posy>
          <width>380</width>
          <height>30</height>
          <label>$LOCALIZE[19029]</label>
        </control>
        <control type="label">
          <description>Status header label</description>
          <posx>1520</posx>
          <posy>0</posy>
          <width>280</width>
          <height>30</height>
          <label>$LOCALIZE[126]</label>
        </control>
      </control>
      <control type="group" description="Footer">
        <posx>60</posx>
        <posy>1008</posy>
        <control type="image" description="Bottom split">
          <posx>0</posx>
          <posy>-9</posy>
          <width>1800</width>
          <height>2</height>
          <texture>img/LineST.png</texture>
        </control>
        <control type="label">
          <posx>0</posx>
          <posy>0</posy>
          <width>1740</width>
          <height>40</height>
          <aligny>center</aligny>
          <align>left</align>
          <scroll>false</scroll>
          <label>[COLOR=Highlight]$INFO[ListItem.Label][/COLOR]$INFO[ListItem.Duration,  -  ,  -  ]  [COLOR=Grey]$INFO[ListItem.StartTime,( ,  -  ]$INFO[ListItem.EndTime,, )][/COLOR]</label>
        </control>
        <control type="label">
          <description>Next timer date</description>
          <posx>60r</posx>
          <posy>0</posy>
          <width>1515</width>
          <height>45</height>
          <align>right</align>
          <scroll>true</scroll>
          <label>$INFO[PVR.NextTimer]</label>
          <visible>PVR.HasTimer</visible>
        </control>
      </control>
    </control>
    <!--<control type="group">
        <posx>120</posx>
        <posy>90</posy>
        <control type="label">
          <description>Channel header label</description>
          <posx>0</posx>
          <posy>30</posy>
          <width>330</width>
          <height>30</height>
          <font>size17</font>
          <align>center</align>
          <aligny>center</aligny>
          <label>19029</label>
        </control>
        <control type="label">
          <description>Title header label</description>
          <posx>330</posx>
          <posy>30</posy>
          <width>450</width>
          <height>30</height>
          <font>size17</font>
          <textcolor>white</textcolor>
          <shadowcolor>black</shadowcolor>
          <align>center</align>
          <aligny>center</aligny>
          <label>369</label>
        </control>
        <control type="label">
          <description>Schedule Time header label</description>
          <posx>870</posx>
          <posy>30</posy>
          <width>450</width>
          <height>30</height>
          <font>size17</font>
          <textcolor>white</textcolor>
          <shadowcolor>black</shadowcolor>
          <align>center</align>
          <aligny>center</aligny>
          <label>31501</label>
        </control>
        <control type="label">
          <description>Status header label</description>
          <posx>1410</posx>
          <posy>30</posy>
          <width>225</width>
          <height>30</height>
          <font>size17</font>
          <textcolor>white</textcolor>
          <shadowcolor>black</shadowcolor>
          <align>center</align>
          <aligny>center</aligny>
          <label>126</label>
        </control>
        <control type="list" id="14">
          <posx>0</posx>
          <posy>82</posy>
          <width>1650</width>
          <height>720</height>
          <onup>14</onup>
          <ondown>14</ondown>
          <onleft>35</onleft>
          <onright>74</onright>
          <pagecontrol>74</pagecontrol>
          <scrolltime>200</scrolltime>
          <itemlayout height="60">
            <control type="image">
              <posx>0</posx>
              <posy>0</posy>
              <width>1650</width>
              <height>60</height>
              <texture>ItemBG.png</texture>
            </control>
            <control type="image">
              <posx>330</posx>
              <posy>0</posy>
              <width>450</width>
              <height>60</height>
              <texture border="3">img/CoverOverlay0.png</texture>
            </control>
            <control type="image">
              <posx>1410</posx>
              <posy>0</posy>
              <width>232</width>
              <height>60</height>
              <texture border="3">img/CoverOverlay0.png</texture>
            </control>
            <control type="image">
              <posx>0</posx>
              <posy>12</posy>
              <width>75</width>
              <height>39</height>
              <visible>!IsEmpty(ListItem.Date)</visible>
              <texture border="1">$INFO[ListItem.Icon]</texture>
            </control>
            <control type="label">
              <posx>75</posx>
              <posy>0</posy>
              <width>225</width>
              <height>60</height>
              <font>size17</font>
              <align>left</align>
              <aligny>center</aligny>
              <selectedcolor>selected</selectedcolor>
              <info>ListItem.ChannelName</info>
            </control>
            <control type="label">
              <posx>555</posx>
              <posy>0</posy>
              <width>435</width>
              <height>60</height>
              <font>size17</font>
              <align>center</align>
              <aligny>center</aligny>
              <selectedcolor>selected</selectedcolor>
              <info>ListItem.Label</info>
            </control>
            <control type="label">
              <posx>1095</posx>
              <posy>0</posy>
              <width>600</width>
              <height>60</height>
              <font>size17</font>
              <align>center</align>
              <aligny>center</aligny>
              <info>ListItem.Date</info>
            </control>
            <control type="label">
              <posx>1527</posx>
              <posy>0</posy>
              <width>255</width>
              <height>60</height>
              <font>size17</font>
              <align>center</align>
              <aligny>center</aligny>
              <info>ListItem.Comment</info>
            </control>
          </itemlayout>
          <focusedlayout height="60">
            <control type="image">
              <posx>0</posx>
              <posy>0</posy>
              <width>1650</width>
              <height>60</height>
              <texture>img/ItemBG.png</texture>
            </control>
            <control type="image">
              <posx>330</posx>
              <posy>0</posy>
              <width>450</width>
              <height>60</height>
              <texture border="3">img/CoverOverlay0.png</texture>
              <visible>!Control.HasFocus(14)</visible>
            </control>
            <control type="image">
              <posx>1470</posx>
              <posy>0</posy>
              <width>180</width>
              <height>60</height>
              <texture border="3">img/CoverOverlay0.png</texture>
              <visible>!Control.HasFocus(14)</visible>
            </control>
            <control type="image">
              <posx>330</posx>
              <posy>0</posy>
              <width>450</width>
              <height>60</height>
              <texture border="5">buttons/ButtonFO.png</texture>
              <visible>Control.HasFocus(14)</visible>
            </control>
            <control type="image">
              <posx>1410</posx>
              <posy>0</posy>
              <width>232</width>
              <height>60</height>
              <texture border="3">img/CoverOverlay0.png</texture>
              <visible>Control.HasFocus(14)</visible>
            </control>
            <control type="image">
              <posx>0</posx>
              <posy>12</posy>
              <width>75</width>
              <height>39</height>
              <visible>!IsEmpty(ListItem.Date)</visible>
              <texture border="1">$INFO[ListItem.Icon]</texture>
            </control>
            <control type="label">
              <posx>75</posx>
              <posy>0</posy>
              <width>225</width>
              <height>60</height>
              <font>size17</font>
              <align>left</align>
              <aligny>center</aligny>
              <info>ListItem.ChannelName</info>
            </control>
            <control type="label">
              <posx>555</posx>
              <posy>0</posy>
              <width>435</width>
              <height>60</height>
              <font>size17</font>
              <align>center</align>
              <aligny>center</aligny>
              <info>ListItem.Label</info>
            </control>
            <control type="label">
              <posx>1095</posx>
              <posy>0</posy>
              <width>600</width>
              <height>60</height>
              <font>size17</font>
              <align>center</align>
              <aligny>center</aligny>
              <info>ListItem.Date</info>
            </control>
            <control type="label">
              <posx>1527</posx>
              <posy>0</posy>
              <width>225</width>
              <height>60</height>
              <font>size17</font>
              <align>center</align>
              <aligny>center</aligny>
              <info>ListItem.Comment</info>
            </control>
          </focusedlayout>
        </control>
        
        <control type="label">
          <description>Next timer date</description>
          <posx>82</posx>
          <posy>818</posy>
          <width>1515</width>
          <height>45</height>
          <font>size17</font>
          <align>center</align>
          <aligny>center</aligny>
          <scroll>true</scroll>
          <label>$INFO[PVR.NextTimer]</label>
          <visible>PVR.HasTimer</visible>
        </control>
      </control>-->
  </include>
  <!-- SEARCH -->
  <include name="LiveTVSearchView">
    <control type="group">
      <description>Timers group</description>
      <visible>Control.IsVisible(17)</visible>
      <include>VisibleFadeEffect</include>
        <control type="image" description="video window background">
            <visible>Player.HasVideo</visible>
            <posx>60</posx>
            <posy>100</posy>
            <width>600</width>
            <height>340</height>
            <texture>img/BlackDot.png</texture>
        </control>
        <control type="videowindow" description="TV Channel Live BG">
            <visible>Player.HasVideo</visible>
            <posx>60</posx>
            <posy>20</posy>
            <width>600</width>
            <height>500</height>
        </control>
        <control type="image" description="Current video label bacground">
            <visible>Player.HasVideo</visible>
            <posx>60</posx>
            <posy>100</posy>
            <width>600</width>
            <height>40</height>
            <texture>img/BlackDot.png</texture>
            <colordiffuse>DDFFFFFF</colordiffuse>
        </control>
        <control type="textbox" description="Current video label">
            <posx>60</posx>
            <posy>100</posy>
            <width>600</width>
            <height>40</height>
            <font>Details</font>
            <align>center</align>
            <textcolor>White</textcolor>
            <autoscroll delay="3000" time="3000" repeat="3000">true</autoscroll>
            <label>$INFO[Player.Title]</label>
            <visible>Player.HasVideo</visible>
        </control>
      <control type="list" id="17" description="Search">
        <posx>60</posx>
        <posy>490</posy>
        <width>1800</width>
        <height>468</height>
        <scrolltime>350</scrolltime>
        <onleft>31</onleft>
        <onright>31</onright>
        <onup>17</onup>
        <ondown>17</ondown>
        <itemlayout height="78">
          <control type="image">
            <posx>0</posx>
            <posy>0</posy>
            <height>78</height>
            <width>1800</width>
            <texture border="3">list/ListNF.png</texture>
          </control>
          <control type="label" description="Label">
            <posx>10</posx>
            <posy>0</posy>
            <width>680</width>
            <height>78</height>
            <scroll>false</scroll>
            <info>ListItem.Label</info>
          </control>
          <control type="label" description="Date">
            <posx>710</posx>
            <posy>0</posy>
            <width>280</width>
            <height>78</height>
            <scroll>false</scroll>
            <info>ListItem.Date</info>
          </control>
          <control type="label" description="Channel label">
            <posx>1010</posx>
            <posy>0</posy>
            <width>480</width>
            <height>78</height>
            <scroll>false</scroll>
            <info>ListItem.ChannelName</info>
          </control>
          <control type="image">
            <posx>1760</posx>
            <posy>0</posy>
            <width>22</width>
            <height>78</height>
            <aspectratio>keep</aspectratio>
            <texture>$VAR[PVROverlay]</texture>
          </control>
          <control type="label">
            <posx>1510</posx>
            <posy>5</posy>
            <width>280</width>
            <height>30</height>
            <scroll>false</scroll>
            <font>ListDetails</font>
            <label>$LOCALIZE[19043]</label>
            <visible>ListItem.IsRecording</visible>
          </control>
          <control type="label">
            <posx>1510</posx>
            <posy>40</posy>
            <width>280</width>
            <height>30</height>
            <scroll>false</scroll>
            <font>ListDetails</font>
            <label>$LOCALIZE[31510]</label>
            <visible>ListItem.HasTimer</visible>
          </control>
        </itemlayout>
        <focusedlayout height="78">
          <control type="image">
            <posx>0</posx>
            <posy>0</posy>
            <height>78</height>
            <width>1800</width>
            <texture border="3">list/ListNF.png</texture>
          </control>
          <control type="image">
            <posx>0</posx>
            <posy>3</posy>
            <width>1800</width>
            <height>75</height>
            <texture>list/ListFO.png</texture>
          </control>
          <control type="label" description="Timer label">
            <posx>10</posx>
            <posy>0</posy>
            <width>680</width>
            <height>78</height>
            <scroll>false</scroll>
            <info>ListItem.Label</info>
          </control>
          <control type="label" description="Date">
            <posx>710</posx>
            <posy>0</posy>
            <width>280</width>
            <height>78</height>
            <scroll>false</scroll>
            <info>ListItem.Date</info>
          </control>
          <control type="label" description="Channel label">
            <posx>1010</posx>
            <posy>0</posy>
            <width>480</width>
            <height>78</height>
            <scroll>false</scroll>
            <info>ListItem.ChannelName</info>
          </control>
          <control type="image">
            <posx>1760</posx>
            <posy>0</posy>
            <width>22</width>
            <height>78</height>
            <aspectratio>keep</aspectratio>
            <texture>$VAR[PVROverlay]</texture>
          </control>
          <control type="label">
            <posx>1510</posx>
            <posy>5</posy>
            <width>280</width>
            <height>30</height>
            <scroll>false</scroll>
            <font>ListDetails</font>
            <label>$LOCALIZE[19043]</label>
            <visible>ListItem.IsRecording</visible>
          </control>
          <control type="label">
            <posx>1510</posx>
            <posy>40</posy>
            <width>280</width>
            <height>30</height>
            <scroll>false</scroll>
            <font>ListDetails</font>
            <label>$LOCALIZE[31510]</label>
            <visible>ListItem.HasTimer</visible>
          </control>
        </focusedlayout>
      </control>
      <control type="group" description="Header">
        <posx>60</posx>
        <posy>430</posy>
        <control type="image" description="split">
          <posx>0</posx>
          <posy>39</posy>
          <width>1800</width>
          <height>2</height>
          <texture>img/LineST.png</texture>
        </control>
        <control type="label">
          <description>Title header label</description>
          <posx>20</posx>
          <posy>0</posy>
          <width>680</width>
          <height>30</height>
          <label>$LOCALIZE[369]</label>
        </control>
        <control type="label">
          <description>Schedule Time header label</description>
          <posx>710</posx>
          <posy>0</posy>
          <width>280</width>
          <height>30</height>
          <label>$LOCALIZE[21820]</label>
        </control>
        <control type="label">
          <description>Channel header label</description>
          <posx>1020</posx>
          <posy>0</posy>
          <width>480</width>
          <height>30</height>
          <label>$LOCALIZE[19148]</label>
        </control>
        <control type="label">
          <description>Status header label</description>
          <posx>1520</posx>
          <posy>0</posy>
          <width>280</width>
          <height>30</height>
          <label>$LOCALIZE[126]</label>
        </control>
      </control>
      <control type="group" description="Footer">
        <posx>60</posx>
        <posy>1008</posy>
        <control type="image" description="Bottom split">
          <posx>0</posx>
          <posy>-9</posy>
          <width>1800</width>
          <height>2</height>
          <texture>img/LineST.png</texture>
        </control>
        <control type="label">
          <posx>0</posx>
          <posy>0</posy>
          <width>1740</width>
          <height>40</height>
          <aligny>center</aligny>
          <align>left</align>
          <scroll>false</scroll>
          <label>[COLOR=Highlight]$INFO[ListItem.Label][/COLOR]$INFO[ListItem.Duration,  -  ,  -  ]  [COLOR=Grey]$INFO[ListItem.StartTime,( ,  -  ]$INFO[ListItem.EndTime,, )][/COLOR]</label>
        </control>
      </control>
    </control>
    <!--<control type="group">
      <description>TV Search group</description>
      <visible>Control.IsVisible(17)</visible>
      <include>VisibleFadeEffect</include>
      <control type="group">
        <posx>120</posx>
        <posy>90</posy>
        <control type="label">
          <description>Channel label</description>
          <posx>0</posx>
          <posy>30</posy>
          <width>375</width>
          <height>30</height>
          <font>Details</font>
          <align>center</align>
          <aligny>center</aligny>
          <label>19148</label>
        </control>
        <control type="label">
          <description>Title</description>
          <posx>435</posx>
          <posy>30</posy>
          <width>525</width>
          <height>30</height>
          <font>Details</font>
          <align>left</align>
          <aligny>center</aligny>
          <label>369</label>
        </control>
        <control type="label">
          <description>Time label</description>
          <posx>1380</posx>
          <posy>30</posy>
          <width>450</width>
          <height>30</height>
          <font>Details</font>
          <align>right</align>
          <aligny>center</aligny>
          <label>21820</label>
        </control>
        <control type="label">
          <description>Status header label</description>
          <posx>1440</posx>
          <posy>30</posy>
          <width>210</width>
          <height>30</height>
          <font>Details</font>
          <align>center</align>
          <aligny>center</aligny>
          <label>126</label>
        </control>
        <control type="list" id="17">
          <posx>0</posx>
          <posy>82</posy>
          <width>1650</width>
          <height>780</height>
          <onup>17</onup>
          <ondown>17</ondown>
          <onleft>36</onleft>
          <onright>77</onright>
          <pagecontrol>77</pagecontrol>
          <scrolltime>200</scrolltime>
          <itemlayout height="60">
            <control type="image">
              <posx>0</posx>
              <posy>0</posy>
              <width>1650</width>
              <height>60</height>
              <texture>img/ItemBG.png</texture>
            </control>
            <control type="image">
              <posx>0</posx>
              <posy>0</posy>
              <width>375</width>
              <height>60</height>
              <texture border="3">img/CoverOverlay0.png</texture>
            </control>
            <control type="image">
              <posx>1440</posx>
              <posy>0</posy>
              <width>210</width>
              <height>60</height>
              <texture border="3">img/CoverOverlay0.png</texture>
            </control>
            <control type="image">
              <posx>15</posx>
              <posy>8</posy>
              <width>45</width>
              <height>45</height>
              <info>ListItem.Icon</info>
            </control>
            <control type="label">
              <posx>75</posx>
              <posy>0</posy>
              <width>285</width>
              <height>52</height>
              <font>size17</font>
              <align>left</align>
              <aligny>center</aligny>
              <textcolor>Grey</textcolor>
              <info>ListItem.ChannelName</info>
            </control>
            <control type="label">
              <posx>390</posx>
              <posy>0</posy>
              <width>975</width>
              <height>52</height>
              <font>size17</font>
              <align>left</align>
              <aligny>center</aligny>
              <textcolor>Grey</textcolor>
              <info>ListItem.Label</info>
            </control>
            <control type="label">
              <posx>1425</posx>
              <posy>0</posy>
              <width>750</width>
              <height>60</height>
              <font>size17</font>
              <align>right</align>
              <aligny>center</aligny>
              <textcolor>Grey</textcolor>
              <info>ListItem.Date</info>
            </control>
            <control type="image">
              <posx>1455</posx>
              <posy>15</posy>
              <width>45</width>
              <height>30</height>
              <texture>$VAR[PVROverlay]</texture>
            </control>
            <control type="label">
              <posx>1508</posx>
              <posy>0</posy>
              <width>120</width>
              <height>60</height>
              <font>font14</font>
              <align>left</align>
              <aligny>center</aligny>
              <textcolor>Grey</textcolor>
              <label>19043</label>
              <visible>ListItem.IsRecording</visible>
            </control>
            <control type="label">
              <posx>1500</posx>
              <posy>0</posy>
              <width>120</width>
              <height>60</height>
              <font>font14</font>
              <align>left</align>
              <aligny>center</aligny>
              <textcolor>Grey</textcolor>
              <label>31510</label>
              <visible>ListItem.HasTimer</visible>
            </control>
          </itemlayout>
          <focusedlayout height="60">
            <control type="image">
              <posx>0</posx>
              <posy>0</posy>
              <width>1650</width>
              <height>60</height>
              <texture>img/ItemBG2.png</texture>
            </control>
            <control type="image">
              <posx>0</posx>
              <posy>0</posy>
              <width>375</width>
              <height>60</height>
              <texture border="3">img/CoverOverlay0.png</texture>
            </control>
            <control type="image">
              <posx>1440</posx>
              <posy>0</posy>
              <width>210</width>
              <height>60</height>
              <texture border="3">img/CoverOverlay0.png</texture>
            </control>
            <control type="image">
              <posx>15</posx>
              <posy>8</posy>
              <width>45</width>
              <height>45</height>
              <info>ListItem.Icon</info>
            </control>
            <control type="label">
              <posx>75</posx>
              <posy>0</posy>
              <width>285</width>
              <height>52</height>
              <font>size17</font>
              <align>left</align>
              <aligny>center</aligny>
              <textcolor>White2</textcolor>
              <info>ListItem.ChannelName</info>
            </control>
            <control type="label">
              <posx>390</posx>
              <posy>0</posy>
              <width>975</width>
              <height>52</height>
              <font>size17</font>
              <align>left</align>
              <aligny>center</aligny>
              <textcolor>White2</textcolor>
              <info>ListItem.Label</info>
            </control>
            <control type="label">
              <posx>1425</posx>
              <posy>0</posy>
              <width>750</width>
              <height>60</height>
              <font>size17</font>
              <align>right</align>
              <aligny>center</aligny>
              <textcolor>White2</textcolor>
              <info>ListItem.Date</info>
            </control>
            <control type="image">
              <posx>1455</posx>
              <posy>15</posy>
              <width>45</width>
              <height>30</height>
              <texture>$VAR[PVROverlay]</texture>
            </control>
            <control type="label">
              <posx>1508</posx>
              <posy>0</posy>
              <width>120</width>
              <height>60</height>
              <font>font14</font>
              <align>left</align>
              <aligny>center</aligny>
              <textcolor>White2</textcolor>
              <label>19043</label>
              <visible>ListItem.IsRecording</visible>
            </control>
            <control type="label">
              <posx>1500</posx>
              <posy>0</posy>
              <width>120</width>
              <height>60</height>
              <font>font14</font>
              <align>left</align>
              <aligny>center</aligny>
              <textcolor>White2</textcolor>
              <label>31510</label>
              <visible>ListItem.HasTimer</visible>
            </control>
          </focusedlayout>
        </control>
        <control type="scrollbar" id="77">
          <posx>1658</posx>
          <posy>75</posy>
          <width>9</width>
          <height>780</height>
          <onleft>16</onleft>
          <onright>36</onright>
          <showonepage>false</showonepage>
          <orientation>vertical</orientation>
        </control>
      </control>
    </control>-->
  </include>
  <!-- EPG CHANNEL -->
  <include name="LiveTVGuideChannelView">
    <control type="group" description="TV Channels group">
      <visible>Control.IsVisible(15)</visible>
      <include>VisibleFadeEffect</include>
      <control type="group" description="INFO">
        <posx>60</posx>
        <posy>480</posy>
        <control type="label" description="Title above progress">
          <posy>-12</posy>
          <width>660</width>
          <font>InfoTitle</font>
          <textcolor>Highlight</textcolor>
          <aligny>center</aligny>
          <height>60</height>
          <wrapmultiline>true</wrapmultiline>
          <label>$INFO[Container(15).ListItem.Title]</label>
        </control>
        <control type="textbox" description="Plot Value for TV">
          <posx>0</posx>
          <posy>69</posy>
          <width>660</width>
          <height>390</height>
          <align>justify</align>
          <pagecontrol>-</pagecontrol>
          <label>$INFO[Container(15).ListItem.Plot]</label>
        </control>
        <control type="label">
          <posy>520</posy>
          <width>660</width>
          <height>36</height>
          <font>Details</font>
          <label>[COLOR=Grey]$LOCALIZE[2050]: [/COLOR]$INFO[Container(15).ListItem.Duration]</label>
        </control>
      </control>
      <control type="list" id="15" description="CHANNELS">
        <posx>940</posx>
        <posy>445</posy>
        <width>980</width>
        <height>594</height>
        <onleft>9000</onleft>
        <onright>70</onright>
        <onup>15</onup>
        <ondown>15</ondown>
        <pagecontrol>70</pagecontrol>
        <scrolltime tween="sine" easing="inout">280</scrolltime>
        <itemlayout height="99">
          <control type="image">
            <posx>0</posx>
            <posy>0</posy>
            <height>99</height>
            <width>980</width>
            <texture flipy="true" border="3">list/ListNF.png</texture>
          </control>
          <include>RecOverlay</include>
          <control type="label" description="Number">
            <posx>40</posx>
            <height>99</height>
            <width>80</width>
            <align>center</align>
            <aligny>center</aligny>
            <info>ListItem.ChannelNumber</info>
          </control>
          <control type="label" description="Main Label">
            <posx>87</posx>
            <height>60</height>
            <width>880</width>
            <scroll>false</scroll>
            <label>$INFO[ListItem.ChannelName]</label>
          </control>
          <control type="label" description="Label2">
            <posx>90</posx>
            <posy>60</posy>
            <height>30</height>
            <font>Details</font>
            <width>720</width>
            <scroll>false</scroll>
            <textcolor>Label2</textcolor>
            <label>$INFO[ListItem.Label]</label>
          </control>
          <control type="label" description="Label2">
            <posx>910</posx>
            <posy>60</posy>
            <height>30</height>
            <font>Details</font>
            <width>160</width>
            <align>right</align>
            <textcolor>Label2</textcolor>
            <label>$INFO[ListItem.StartTime] - $INFO[ListItem.EndTime]</label>
          </control>
        </itemlayout>
        <focusedlayout height="99">
          <control type="image">
            <posx>0</posx>
            <posy>0</posy>
            <height>99</height>
            <width>980</width>
            <texture flipy="true" border="3">list/ListNF.png</texture>
          </control>
          <control type="image">
            <posx>0</posx>
            <posy>0</posy>
            <width>980</width>
            <height>96</height>
            <texture>list/ListFO.png</texture>
          </control>
          <include>RecOverlay</include>
          <control type="label" description="Number">
            <posx>40</posx>
            <height>99</height>
            <width>80</width>
            <align>center</align>
            <aligny>center</aligny>
            <info>ListItem.ChannelNumber</info>
          </control>
          <control type="label" description="Main Label">
            <posx>87</posx>
            <height>60</height>
            <width>880</width>
            <label>$INFO[ListItem.ChannelName]</label>
          </control>
          <control type="label" description="Label2">
            <posx>90</posx>
            <posy>60</posy>
            <height>30</height>
            <font>Details</font>
            <width>720</width>
            <textcolor>Label2</textcolor>
            <label>$INFO[ListItem.Label]</label>
          </control>
          <control type="label" description="Label2">
            <posx>910</posx>
            <posy>60</posy>
            <height>30</height>
            <font>Details</font>
            <width>160</width>
            <align>right</align>
            <textcolor>Label2</textcolor>
            <label>$INFO[ListItem.StartTime] - $INFO[ListItem.EndTime]</label>
          </control>
        </focusedlayout>
      </control>
    </control>
  </include>
  <!-- EPG NOW NEXT -->
  <include name="LiveTVGuideNowNextView">
    <control type="group" description="TV Channels group">
      <visible>Control.IsVisible(16)</visible>
      <include>VisibleFadeEffect</include>
      <control type="group" description="INFO">
        <posx>60</posx>
        <posy>480</posy>
        <control type="label" description="Title above progress">
          <posy>-12</posy>
          <width>660</width>
          <font>InfoTitle</font>
          <textcolor>Highlight</textcolor>
          <aligny>center</aligny>
          <height>60</height>
          <wrapmultiline>true</wrapmultiline>
          <label>$INFO[Container(16).ListItem.Title]</label>
        </control>
        <control type="textbox" description="Plot Value for TV">
          <posx>0</posx>
          <posy>69</posy>
          <width>660</width>
          <height>390</height>
          <align>justify</align>
          <pagecontrol>-</pagecontrol>
          <label>$INFO[Container(16).ListItem.Plot]</label>
        </control>
        <control type="label">
          <posy>520</posy>
          <width>660</width>
          <height>36</height>
          <font>Details</font>
          <label>[COLOR=Grey]$LOCALIZE[2050]: [/COLOR]$INFO[Container(16).ListItem.Duration]</label>
        </control>
      </control>
      <control type="list" id="16" description="CHANNELS">
        <posx>940</posx>
        <posy>445</posy>
        <width>980</width>
        <height>594</height>
        <onleft>9000</onleft>
        <onright>70</onright>
        <onup>16</onup>
        <ondown>16</ondown>
        <pagecontrol>70</pagecontrol>
        <scrolltime tween="sine" easing="inout">280</scrolltime>
        <itemlayout height="99">
          <control type="image">
            <posx>0</posx>
            <posy>0</posy>
            <height>99</height>
            <width>980</width>
            <texture flipy="true" border="3">list/ListNF.png</texture>
          </control>
          <include>RecOverlay</include>
          <control type="label" description="Number">
            <posx>40</posx>
            <height>99</height>
            <width>80</width>
            <align>center</align>
            <aligny>center</aligny>
            <info>ListItem.ChannelNumber</info>
          </control>
          <control type="label" description="Main Label">
            <posx>87</posx>
            <height>60</height>
            <width>880</width>
            <scroll>false</scroll>
            <label>$INFO[ListItem.ChannelName]</label>
          </control>
          <control type="label" description="Label2">
            <posx>90</posx>
            <posy>60</posy>
            <height>30</height>
            <font>Details</font>
            <width>720</width>
            <scroll>false</scroll>
            <textcolor>Label2</textcolor>
            <label>$INFO[ListItem.Label]</label>
          </control>
          <control type="label" description="Label2">
            <posx>910</posx>
            <posy>60</posy>
            <height>30</height>
            <font>Details</font>
            <width>160</width>
            <align>right</align>
            <textcolor>Label2</textcolor>
            <label>$INFO[ListItem.StartTime] - $INFO[ListItem.EndTime]</label>
          </control>
        </itemlayout>
        <focusedlayout height="99">
          <control type="image">
            <posx>0</posx>
            <posy>0</posy>
            <height>99</height>
            <width>980</width>
            <texture flipy="true" border="3">list/ListNF.png</texture>
          </control>
          <control type="image">
            <posx>0</posx>
            <posy>0</posy>
            <width>980</width>
            <height>96</height>
            <texture>list/ListFO.png</texture>
          </control>
          <include>RecOverlay</include>
          <control type="label" description="Number">
            <posx>40</posx>
            <height>99</height>
            <width>80</width>
            <align>center</align>
            <aligny>center</aligny>
            <info>ListItem.ChannelNumber</info>
          </control>
          <control type="label" description="Main Label">
            <posx>87</posx>
            <height>60</height>
            <width>880</width>
            <label>$INFO[ListItem.ChannelName]</label>
          </control>
          <control type="label" description="Label2">
            <posx>90</posx>
            <posy>60</posy>
            <height>30</height>
            <font>Details</font>
            <width>720</width>
            <textcolor>Label2</textcolor>
            <label>$INFO[ListItem.Label]</label>
          </control>
          <control type="label" description="Label2">
            <posx>910</posx>
            <posy>60</posy>
            <height>30</height>
            <font>Details</font>
            <width>160</width>
            <align>right</align>
            <textcolor>Label2</textcolor>
            <label>$INFO[ListItem.StartTime] - $INFO[ListItem.EndTime]</label>
          </control>
        </focusedlayout>
      </control>
    </control>
  </include>
</includes>
