<?xml version="1.0" encoding="UTF-8" standalone="yes" ?>
<addon id="repository.superrepo.org.gotham.all" name="SuperRepo All" version="0.5.1" provider-name="Bart Otten">
	<extension point="xbmc.addon.repository" name="SuperRepo.org Repository - All">
		<info compressed="false">http://mirrors.superrepo.org/addons/gotham/.xml/all/addons.xml</info>
		<checksum>http://mirrors.superrepo.org/addons/gotham/.xml/all/addons.xml.md5</checksum>
		<datadir zip="true">http://mirrors.superrepo.org/addons/gotham/</datadir>
	</extension>
	<extension point="xbmc.addon.metadata">
		<summary>Install add-ons from the SuperRepo.org All Repository</summary>
		<description>Download and install add-ons in the category "All" from the SuperRepo.org addon repository.[CR][CR]If you find a broken or not working addon or you would like to include another one, please have a look at http://superrepo.org/[CR][CR]The repository is maintained by the XBMC community using the SuperRepo Wiki and our generator fetches addons from multiple sources. Therefore SuperRepo accepts no responsibility for this service.[CR][CR]The eXtended Reposity Generator is developed by Bart Otten[CR][CR]</description>
		<disclaimer>The repository is maintained by the XBMC community and our generator fetches addons from multiple sources. Therefore SuperRepo accepts no responsibility for included addons.[CR]</disclaimer>
		<platform>all</platform>
		<website>http://superrepo.org/</website>
	</extension>
</addon>
